Category,Metric,Meaning / Logic,SQL,Verified,Owner
Consigner Growth,#Signups,#Consigners who completed signup process(signup success bottomsheet),"SELECT signup_month, COUNT(DISTINCT consigner_user_code)
FROM fact_consigner_demands_lead_source
WHERE cx_segment = 'New'
  AND login_date <= CURRENT_DATE - 60
GROUP BY 1;",True,Ekta
Consigner Growth,%Signup to acquisition,Of signups whose 1st trip happened within specified n-conversion days,"SELECT COUNT(DISTINCT CASE WHEN DATEDIFF(day, login_date, acq_date) <= 29
                           THEN consigner_user_code END) * 1.0
     / NULLIF(COUNT(DISTINCT consigner_user_code), 0)
FROM (SELECT consigner_user_code, login_date,
             MAX(CASE WHEN trip_rank = 1 THEN latest_acq_time END)
                 OVER (PARTITION BY consigner_user_code)::date AS acq_date
      FROM fact_consigner_demands_lead_source WHERE cx_segment = 'New')
WHERE login_date <= CURRENT_DATE - 30;",True,Ekta
Consigner Growth,%Signup to VT,Share of signups who opened a vehicle-type browsing session within specified n-conversion days,"SELECT COUNT(DISTINCT CASE WHEN DATEDIFF(day, f.login_date, v.vt_time) <= 29
                           THEN f.consigner_user_code END) * 1.0
     / NULLIF(COUNT(DISTINCT f.consigner_user_code), 0)
FROM fact_consigner_demands_lead_source f
LEFT JOIN (SELECT consigner_code,
                  MIN(TIMESTAMP 'epoch' + created / 1000000.0 * INTERVAL '1 second') AS vt_time
           FROM fact_cx_vt_browsing GROUP BY 1) v
       ON v.consigner_code = f.consigner_user_code
WHERE f.cx_segment = 'New' AND f.login_date <= CURRENT_DATE - 30;",True,Ekta
Consigner Growth,%Signup to Demand,Share of signups who raised any demand within specified n-conversion days,"SELECT COUNT(DISTINCT CASE WHEN DATEDIFF(day, login_date, demand_date) <= 29
                           THEN consigner_user_code END) * 1.0
     / NULLIF(COUNT(DISTINCT consigner_user_code), 0)
FROM fact_consigner_demands_lead_source
WHERE cx_segment = 'New' AND login_date <= CURRENT_DATE - 30;",True,Ekta
Consigner Growth,%Signup to DR,Share of signups who got a confirmed DR within specified n-conversion days,"SELECT COUNT(DISTINCT CASE WHEN DATEDIFF(day, login_date, dr_date) <= 29
                           THEN consigner_user_code END) * 1.0
     / NULLIF(COUNT(DISTINCT consigner_user_code), 0)
FROM (SELECT consigner_user_code, login_date,
             MIN(CASE WHEN dr_flag = 1 THEN demand_date END)
                 OVER (PARTITION BY consigner_user_code) AS dr_date
      FROM fact_consigner_demands_lead_source WHERE cx_segment = 'New')
WHERE login_date <= CURRENT_DATE - 30;",True,Ekta
Consigner Growth,%Signup to Plc,Share of signups who got a placement within specified n-conversion days. Same as DR with plc_flag.,"SELECT COUNT(DISTINCT CASE WHEN DATEDIFF(day, login_date, plc_date) <= 29
                           THEN consigner_user_code END) * 1.0
     / NULLIF(COUNT(DISTINCT consigner_user_code), 0)
FROM (SELECT consigner_user_code, login_date,
             MIN(CASE WHEN plc_flag = 1 THEN demand_date END)
                 OVER (PARTITION BY consigner_user_code) AS plc_date
      FROM fact_consigner_demands_lead_source WHERE cx_segment = 'New')
WHERE login_date <= CURRENT_DATE - 30;",True,Ekta
Consigner Growth,%Acq to 2nd trip,"Of acquired Cxs matured 30 days, the share who took a 2nd trip within specified n-conversion days of the first.","SELECT COUNT(DISTINCT CASE WHEN b.demand_date < a.demand_date + 30
                           THEN a.consigner_user_code END) * 1.0
     / NULLIF(COUNT(DISTINCT a.consigner_user_code), 0)
FROM fact_consigner_demands_lead_source a
LEFT JOIN fact_consigner_demands_lead_source b
       ON b.consigner_user_code = a.consigner_user_code
      AND b.demand_time > a.demand_time
      AND b.trip_flag = 1 AND b.placement_rank = 2
WHERE a.cx_segment = 'New' AND a.trip_flag = 1
  AND a.demand_date <= CURRENT_DATE - 30;",True,Ekta
Consigner Growth,%Acq to Onboarding,"Same as above, but reaching the 4th trip.","SELECT COUNT(DISTINCT CASE WHEN b.demand_date < a.demand_date + 30
                           THEN a.consigner_user_code END) * 1.0
     / NULLIF(COUNT(DISTINCT a.consigner_user_code), 0)
FROM fact_consigner_demands_lead_source a
LEFT JOIN fact_consigner_demands_lead_source b
       ON b.consigner_user_code = a.consigner_user_code
      AND b.demand_time > a.demand_time
      AND b.trip_flag = 1 AND b.placement_rank = 4
WHERE a.cx_segment = 'New' AND a.trip_flag = 1
  AND a.demand_date <= CURRENT_DATE - 30;",True,Ekta
Consigner Growth,%Signup start to signup success,"Of users who viewed the basic-details page, the share who reached the signup success bottomsheet.","SELECT COUNT(DISTINCT CASE WHEN screen_name = 'sign_up_expected_trip_count'
                            AND event_name  = 'v1_success_bottomsheet'
                           THEN user_code END) * 1.0
     / NULLIF(COUNT(DISTINCT CASE WHEN screen_name = 'sign_up_basic_details'
                                   AND event_name  = 'v1_basic_details'
                                  THEN user_code END), 0)
FROM analytics.consigner_app_events_current_v2
WHERE event_action = 'view';",True,Ekta
Consigner Growth,%Retention,"Cxs with a first trip, who took ≥1 trip within 90 days of that acquisition date are retention base. 
Share of the qualified cohort that took a trip in a later 90-day bucket.","WITH acq AS (
    SELECT consigner_user_code,
           MIN(CASE WHEN trip_rank = 1 THEN latest_acq_time END)::date AS acq_date
    FROM fact_consigner_demands_lead_source GROUP BY 1
),
qualified AS (
    SELECT a.consigner_user_code, a.acq_date
    FROM acq a
    JOIN fact_consigner_demands_lead_source f
      ON f.consigner_user_code = a.consigner_user_code AND f.trip_flag = 1
     AND f.demand_date >= a.acq_date AND f.demand_date < a.acq_date + 90
    WHERE a.acq_date IS NOT NULL
    GROUP BY 1, 2
)
SELECT COUNT(DISTINCT CASE WHEN x.active = 1 THEN x.consigner_user_code END) * 1.0
     / NULLIF(COUNT(DISTINCT x.consigner_user_code), 0)
FROM (SELECT q.consigner_user_code, q.acq_date,
             MAX(CASE WHEN f.trip_flag = 1
                       AND f.demand_date >= q.acq_date + 181
                       AND f.demand_date <  q.acq_date + 271 THEN 1 ELSE 0 END) AS active
      FROM qualified q
      JOIN fact_consigner_demands_lead_source f
        ON f.consigner_user_code = q.consigner_user_code
      GROUP BY 1, 2) x
WHERE CURRENT_DATE >= x.acq_date + 271",True,Ekta
Consigner Growth,Penetration in Q3,Share of the qualified cohort that raised any demand in days 181–270. Same as %Retention but without the trip_flag condition.,"SELECT COUNT(DISTINCT CASE WHEN x.active = 1 THEN x.consigner_user_code END) * 1.0
     / NULLIF(COUNT(DISTINCT x.consigner_user_code), 0)
FROM (SELECT q.consigner_user_code, q.acq_date,
             MAX(CASE WHEN f.demand_date >= q.acq_date + 181
                       AND f.demand_date <  q.acq_date + 271 THEN 1 ELSE 0 END) AS active
      FROM qualified q
      JOIN fact_consigner_demands_lead_source f
        ON f.consigner_user_code = q.consigner_user_code
      GROUP BY 1, 2) x
WHERE CURRENT_DATE >= x.acq_date + 271;",True,Ekta
Consigner Growth,%Trip activeness,Share of the qualified cohort with ≥1 fulfilled trip in the bucket. Identical to %Retention.,"SELECT COUNT(DISTINCT CASE WHEN x.active = 1 THEN x.consigner_user_code END) * 1.0
     / NULLIF(COUNT(DISTINCT x.consigner_user_code), 0)
FROM (SELECT q.consigner_user_code, q.acq_date,
             MAX(CASE WHEN f.trip_flag = 1
                       AND f.demand_date >= q.acq_date + 181
                       AND f.demand_date <  q.acq_date + 271 THEN 1 ELSE 0 END) AS active
      FROM qualified q
      JOIN fact_consigner_demands_lead_source f
        ON f.consigner_user_code = q.consigner_user_code
      GROUP BY 1, 2) x
WHERE CURRENT_DATE >= x.acq_date + 271;",True,Ekta
Consigner Growth,%App activeness,"Share of the qualified cohort that logged in during the bucket. Uses login_date, so it measures app opens, not transactions.","SELECT COUNT(DISTINCT CASE WHEN x.active = 1 THEN x.consigner_user_code END) * 1.0
     / NULLIF(COUNT(DISTINCT x.consigner_user_code), 0)
FROM (SELECT q.consigner_user_code, q.acq_date,
             MAX(CASE WHEN f.login_date >= q.acq_date + 181
                       AND f.login_date <  q.acq_date + 271 THEN 1 ELSE 0 END) AS active
      FROM qualified q
      JOIN fact_consigner_demands_lead_source f
        ON f.consigner_user_code = q.consigner_user_code
      GROUP BY 1, 2) x
WHERE CURRENT_DATE >= x.acq_date + 271;",True,Ekta
Consigner Growth,%Demand activenss,"Share of the qualified cohort that raised ≥1 demand in the bucket, trip or not.","SELECT COUNT(DISTINCT CASE WHEN x.active = 1 THEN x.consigner_user_code END) * 1.0
     / NULLIF(COUNT(DISTINCT x.consigner_user_code), 0)
FROM (SELECT q.consigner_user_code, q.acq_date,
             MAX(CASE WHEN f.demand_date >= q.acq_date + 181
                       AND f.demand_date <  q.acq_date + 271 THEN 1 ELSE 0 END) AS active
      FROM qualified q
      JOIN fact_consigner_demands_lead_source f
        ON f.consigner_user_code = q.consigner_user_code
      GROUP BY 1, 2) x
WHERE CURRENT_DATE >= x.acq_date + 271;",True,Ekta
Consigner Growth,# Demands,"Aliases: # Cx Demands; Demand Volume; # CODVT Demands; # COD Demands; # Consigners with Demand.

Total demands raised by consigners. 
Same metric is shown at four grains on the Placement dashboard: Demand grain (COUNT DISTINCT demand_id), CODVT grain (codvt), COD grain (cod), and Consigner grain (consigner_user_code). Pick the grain that matches your question.","-- Demand grain (default):
SELECT COUNT(DISTINCT demand_id) FROM fact_consigner_demands_lead_source;

-- CODVT grain: SELECT COUNT(DISTINCT codvt) FROM ...
-- COD grain:   SELECT COUNT(DISTINCT cod) FROM ...
-- Cx grain:    SELECT COUNT(DISTINCT consigner_user_code) FROM ...",True,Ekta
Consigner Growth,# DRs,Demands with confirmed DR.,"SELECT COUNT(DISTINCT demand_id)
FROM fact_consigner_demands_lead_source
WHERE dr_flag = 1;

-- North Star regional cuts add:  AND demand_region = 'NCR'  (or 'ROI', or NOT IN ('NCR','ROI'))",True,Ekta
Consigner Growth,# Trips,"Aliases: # Fulfilled placements
Demands that got converted into trips.
When counting trips use trip_end_time in group by.","SELECT COUNT(DISTINCT demand_id)
FROM fact_consigner_demands_lead_source
WHERE trip_flag = 1;",True,Ekta
Consigner Growth,% Acceptance to Trip,% of accepted placements that converted into trips,"select demand_date, count(distinct case when accepted is not null and auto_cancelled is null and trip_flag = 1 then demand_id end)*1.0/nullif(count(distinct case when accepted is not null and auto_cancelled is null then demand_id end),0) as ""% Acceptance to Trip""
from (
        select a.*
                        , fc.accepted
                        , cx.auto_cancelled
                        , cx.demand_id as cancelled 
                        from mp_analytics_core.fact_consigner_demands_lead_source a 
                        left join (
                                select demand_id, max(gtl_time) as accepted
                                from mp_analytics_critical.fact_consignments_full
                                group by demand_id
                        ) fc on a.demand_id = fc.demand_id
                        
                        left join (
                                select demand_id, max(case when cancel_remarks = 'AUTO_CANCELLED_NO_ACTIVITY' then cancel_time end) as auto_cancelled
                                from mp_analytics_core.fact_consignment_cancellations
                                group by demand_id
                        ) cx on a.demand_id = cx.demand_id
                        
                        where plc_flag=1 
)
group by 1",True,Ekta
Consigner Growth,% Auto Placements,% placements that got placed through the Auto-placement engine,"SELECT
  COUNT(DISTINCT CASE WHEN plc_flag = 1 AND auto_plc = 'YES' THEN demand_id END) * 1.0
  / NULLIF(COUNT(DISTINCT CASE WHEN plc_flag = 1 THEN demand_id END), 0) AS pct_auto_plc
FROM fact_consigner_demands_lead_source;",True,Ekta
Consigner Growth,% Auto Trips,% trips that got placed through the Auto-placement engine,"SELECT
  COUNT(DISTINCT CASE WHEN trip_flag = 1 AND auto_plc = 'YES' THEN demand_id END) * 1.0
  / NULLIF(COUNT(DISTINCT CASE WHEN trip_flag = 1 THEN demand_id END), 0) AS pct_auto_trips
FROM fact_consigner_demands_lead_source;",True,Ekta
Consigner Growth,% Demand to DR,% Demands with confirmed DRs,"SELECT
  COUNT(DISTINCT CASE WHEN dr_flag = 1 THEN demand_id END) * 1.0
  / NULLIF(COUNT(DISTINCT demand_id), 0) AS pct_demand_to_dr
FROM fact_consigner_demands_lead_source;",True,Ekta
Consigner Growth,% Demand to Trip,%Demands that got converted into trips,"SELECT
  COUNT(DISTINCT CASE WHEN trip_flag = 1 THEN demand_id END) * 1.0
  / NULLIF(COUNT(DISTINCT demand_id), 0) AS pct_demand_to_trip
FROM fact_consigner_demands_lead_source;",True,Ekta
Consigner Growth,% DR Cancelled before Plc,% DR cancelled by consigner before placement,"WITH ss AS (
  select * 
        from(
                select 
                a.demand_id,
                a.sub_status,
                a.created_by,
                case when a.sub_status like 'DR%' then a.created end as dr_status_time,
                max(dr_status_time) over (partition by a.demand_id) as max_dr_status_time,
                lag(a.created) over (partition by a.demand_id order by a.created) as prev_created_time
                from mp_analytics_core.fact_demand_sub_status a
                where a.created >= '2025-10-01'
                ) a
        where prev_created_time = max_dr_status_time
)
select case when {{timeframe_type}} like 'DoD' then demand_date
                when {{timeframe_type}} like 'WoW' then demand_week
                when {{timeframe_type}} like 'MoM' then demand_month end as ""Day/Week/Month""
        , count(distinct case when plc_flag = 0 and reason='CX_cancelled' then demand_id end)*1.0/nullif(count(distinct case when dr_flag = 1 then demand_id end),0) as ""% DR(Cx Cancel)""

    from (
        select a.*
                , case when (b0.sub_status='CANCELLED' and b0.created_by!='consigner@wheelseye.com') or b0.sub_status in ('FREIGHT_PFC') then 'Vehicle_Not_Found' 
                              when b0.sub_status='CANCELLED' and b0.created_by='consigner@wheelseye.com' then 'CX_cancelled' end as reason   
        from mp_analytics_core.fact_consigner_demands_lead_source
                left join base0 b0 on a.demand_id=b0.demand_id 
        )       
    group by 1",True,Ekta
Consigner Growth,% DR to Plc,% DRs that got placed,"SELECT
  COUNT(DISTINCT CASE WHEN plc_flag = 1 THEN demand_id END) * 1.0
  / NULLIF(COUNT(DISTINCT CASE WHEN dr_flag = 1 THEN demand_id END), 0) AS pct_dr_to_plc
FROM fact_consigner_demands_lead_source;",True,Ekta
Consigner Growth,% DR to Plc (≤ L2 and ≤ 90 min),% of DRs that got placed within 90 minutes of DR and at less than L2 price,"SELECT
  COUNT(DISTINCT CASE WHEN plc_flag = 1
                        AND base_price <= base_rate2
                        AND time_to_plc <= 90
                      THEN demand_id END) * 1.0
  / NULLIF(COUNT(DISTINCT CASE WHEN dr_flag = 1 THEN demand_id END), 0) AS pct_fast_cheap_plc
FROM fact_consigner_demands_lead_source;",True,Ekta
Consigner Growth,% DR to Trip,% DRs that got converted into trips,"SELECT
  COUNT(DISTINCT CASE WHEN trip_flag = 1 THEN demand_id END) * 1.0
  / NULLIF(COUNT(DISTINCT CASE WHEN dr_flag = 1 THEN demand_id END), 0) AS pct_dr_to_trip
FROM fact_consigner_demands_lead_source;",True,Ekta
Consigner Growth,% GTL Cancellations,% of placements cancelled post acceptance (ACCEPTED to CANCELLED state),"select 
case when {{timeframe_type}} like 'DoD' then demand_date
         when {{timeframe_type}} like 'WoW' then demand_week
         when {{timeframe_type}} like 'MoM' then demand_month end as ""Day/Week/Month""
, count(distinct case when accepted<cancelled then demand_id end)*1.0/nullif(count(distinct case when accepted is not null then demand_id end),0)as ""% Plc Accepted then cancelled""
from (
        select * from mp_analytics_core.fact_consigner_demands_lead_source a 
        left join (
                        select demand_id, min(gtl_time) as accepted
                        from mp_analytics_critical.fact_consignments_full
                        group by demand_id
                ) fc on a.demand_id = fc.demand_id
                
                left join (
                        select demand_id, min(cancel_time) as cancelled 
                        from mp_analytics_core.fact_consignment_cancellations
                        group by demand_id
                ) cx on a.demand_id = cx.demand_id
                
                where plc_flag=1
      )
group by 1",True,Ekta
Consigner Growth,% Placement Cancellations (<30 mins),% placements cancelled by consigner within 30 minutes of placement,"SELECT
  COUNT(DISTINCT CASE WHEN plc_flag = 1 AND trip_flag = 0
                        AND DATEDIFF('minute', last_plc_time, cx_plc_cancel_time) <= 30
                      THEN demand_id END) * 1.0
  / NULLIF(COUNT(DISTINCT CASE WHEN plc_flag = 1 AND trip_flag = 0 THEN demand_id END), 0) AS pct_quick_cancel
FROM mp_analytics_core.fact_consigner_demands_lead_source;",True,Ekta
Consigner Growth,% Plc to Acceptance,% of placements that were accepted by consigner (SCHEDULED to ACCEPTED state),"select 
case when {{timeframe_type}} like 'DoD' then demand_date
         when {{timeframe_type}} like 'WoW' then demand_week
         when {{timeframe_type}} like 'MoM' then demand_month end as ""Day/Week/Month""
, count(distinct case when accepted is not null then demand_id end)*1.0/nullif(count(distinct demand_id),0)as ""% Plc to accepted""
from (
		select a.*
		, fc.accepted
		, cx.auto_cancelled
		, cx.demand_id as cancelled 
		from mp_analytics_core.fact_consigner_demands_lead_source a 
		left join (
			select demand_id, max(gtl_time) as accepted
			from mp_analytics_critical.fact_consignments_full
			group by demand_id
		) fc on a.demand_id = fc.demand_id
		
		left join (
			select demand_id, max(case when cancel_remarks = 'AUTO_CANCELLED_NO_ACTIVITY' then cancel_time end) as auto_cancelled
			from mp_analytics_core.fact_consignment_cancellations
			group by demand_id
		) cx on a.demand_id = cx.demand_id
		
		where plc_flag=1
)
group by 1",True,Ekta
Consigner Growth,% Plc to Trip (Cx),%Placements that got converted into trips,"SELECT
  COUNT(DISTINCT CASE WHEN trip_flag = 1 THEN demand_id END) * 1.0
  / NULLIF(COUNT(DISTINCT CASE WHEN plc_flag = 1 THEN demand_id END), 0) AS pct_plc_to_trip
FROM fact_consigner_demands_lead_source;",True,Ekta
Consigner Growth,%App adoption,% Active consigners on app version,"SELECT
  count(DISTINCT case when WHEN cast(split_part(app_version,'.',1) as int)*10000
         + cast(split_part(app_version,'.',2) as int)*100
         + cast(split_part(app_version,'.',3) as int) >= 170109   -- For >17.1.9
      THEN user_code END) * 1.0 then user_code end) * 1.0
  / NULLIF(COUNT(DISTINCT user_code end), 0) AS perc_app_adoption
FROM mp_analytics_core.fact_cx_event_l3m
WHERE app_version IS NOT NULL AND app_version <> ''",True,Ekta
Consigner Growth,"CX Initiated, CX Induced GTL cancellation",% of accepted placements that got cancelled by Consigner and induced party was Consigner,"select demand_date, 
,count(distinct case when cx_initiated_cx_induced=1 then demand_id end)*1.0/nullif(count(distinct case when accepted=1 then demand_id end),0) as ""% cx_initiated_cx_induced""
from (
                select a.*, acc.accepted
                , case when acc.accepted = 1 and cxl.cx_cx = 1 then 1 else 0 end as cx_initiated_cx_induced
                , case when acc.accepted = 1 and cxl.cx_fo = 1 then 1 else 0 end as cx_initiated_fo_induced
                , case when acc.accepted = 1 and cxl.fo_fo = 1 then 1 else 0 end as fo_initiated_fo_induced
                , min(a.demand_date) over (partition by 1) as min_demand_date
                from mp_analytics_core.fact_consigner_demands_lead_source a 
                join (
                        select demand_id, max(case when gtl_time is not null then 1 else 0 end) as accepted
                        from mp_analytics_critical.fact_consignments_full
                        group by demand_id
                        ) acc on a.demand_id = acc.demand_id
                left join (
                        select demand_id
                        , max(case when cancelled_by in ('consigner@wheelseye.com','SYSTEM') and induced_party = 'Consigner' then 1 else 0 end) as cx_cx
                        , max(case when cancelled_by in ('consigner@wheelseye.com','SYSTEM') and induced_party = 'Operator'  then 1 else 0 end) as cx_fo
                        , max(case when cancelled_by = 'OPERATOR_APP'        and induced_party = 'Operator'  then 1 else 0 end) as fo_fo
                        , max(case when cancelled_by = 'OPERATOR_APP'        and induced_party = 'Consigner'  then 1 else 0 end) as fo_cx
                        from mp_analytics_core.fact_consignment_cancellations
                        group by demand_id
                        ) cxl on a.demand_id = cxl.demand_id
        )a
group by 1",True,Ekta
Consigner Growth,"CX Initiated, FO Induced GTL cancellation",% of accepted placements that got cancelled by Consigner and induced party was Operator,"select demand_date, 
 ,count(distinct case when cx_initiated_fo_induced=1 then demand_id end)*1.0/nullif(count(distinct case when accepted=1 then demand_id end),0) as ""% cx_initiated_fo_induced""
from (
		select a.*, acc.accepted
		, case when acc.accepted = 1 and cxl.cx_cx = 1 then 1 else 0 end as cx_initiated_cx_induced
		, case when acc.accepted = 1 and cxl.cx_fo = 1 then 1 else 0 end as cx_initiated_fo_induced
		, case when acc.accepted = 1 and cxl.fo_fo = 1 then 1 else 0 end as fo_initiated_fo_induced
		, min(a.demand_date) over (partition by 1) as min_demand_date
		from mp_analytics_core.fact_consigner_demands_lead_source a 
		join (
			select demand_id, max(case when gtl_time is not null then 1 else 0 end) as accepted
			from mp_analytics_critical.fact_consignments_full
			group by demand_id
			) acc on a.demand_id = acc.demand_id
		left join (
			select demand_id
			, max(case when cancelled_by in ('consigner@wheelseye.com','SYSTEM') and induced_party = 'Consigner' then 1 else 0 end) as cx_cx
			, max(case when cancelled_by in ('consigner@wheelseye.com','SYSTEM') and induced_party = 'Operator'  then 1 else 0 end) as cx_fo
			, max(case when cancelled_by = 'OPERATOR_APP'        and induced_party = 'Operator'  then 1 else 0 end) as fo_fo
			, max(case when cancelled_by = 'OPERATOR_APP'        and induced_party = 'Consigner'  then 1 else 0 end) as fo_cx
			from mp_analytics_core.fact_consignment_cancellations
			group by demand_id
			) cxl on a.demand_id = cxl.demand_id
        )a
group by 1",True,Ekta
Consigner Growth,"FO Initiated, FO Induced GTL cancellation",% of accepted placements that got cancelled by Operator and induced party was Operator,"select demand_date
 ,count(distinct case when fo_initiated_fo_induced=1 then demand_id end)*1.0/nullif(count(distinct case when accepted=1 then demand_id end),0) as ""% fo_initiated_fo_induced""
from (
                select a.*, acc.accepted
                , case when acc.accepted = 1 and cxl.cx_cx = 1 then 1 else 0 end as cx_initiated_cx_induced
                , case when acc.accepted = 1 and cxl.cx_fo = 1 then 1 else 0 end as cx_initiated_fo_induced
                , case when acc.accepted = 1 and cxl.fo_fo = 1 then 1 else 0 end as fo_initiated_fo_induced
                , min(a.demand_date) over (partition by 1) as min_demand_date
                from mp_analytics_core.fact_consigner_demands_lead_source a 
                join (
                        select demand_id, max(case when gtl_time is not null then 1 else 0 end) as accepted
                        from mp_analytics_critical.fact_consignments_full
                        group by demand_id
                        ) acc on a.demand_id = acc.demand_id
                left join (
                        select demand_id
                        , max(case when cancelled_by in ('consigner@wheelseye.com','SYSTEM') and induced_party = 'Consigner' then 1 else 0 end) as cx_cx
                        , max(case when cancelled_by in ('consigner@wheelseye.com','SYSTEM') and induced_party = 'Operator'  then 1 else 0 end) as cx_fo
                        , max(case when cancelled_by = 'OPERATOR_APP'        and induced_party = 'Operator'  then 1 else 0 end) as fo_fo
                        , max(case when cancelled_by = 'OPERATOR_APP'        and induced_party = 'Consigner'  then 1 else 0 end) as fo_cx
                        from mp_analytics_core.fact_consignment_cancellations
                        group by demand_id
                        ) cxl on a.demand_id = cxl.demand_id
        )a
group by 1",True,Ekta
Consigner Growth,Trips / Customer,Avg trips per trip active consigner,"SELECT
  sum(DISTINCT case when trip_flag=1 then demand_id end) * 1.0
  / NULLIF(COUNT(DISTINCT case when trip_flag=1 then customer_code end), 0) AS trips_per_cx
FROM analytics.fact_payment_summary
WHERE demand_status = 'FULFILLED';",True,Ekta
Consigner Growth,"Vehicle replacement post GTL Cancellation(Reason : CX Initiated,CX Induced)",% of post GTL cancellation that got re-placed (Cancellation by Consigner and induced party = Consigner),"with cx_cancel as (
    select demand_id, min(cancel_time) as cx_cancel_time
    from mp_analytics_core.fact_consignment_cancellations
    where cancelled_by in ('consigner@wheelseye.com','SYSTEM')
      and induced_party = 'Consigner'
    group by 1
),
acc as (
    select demand_id, max(case when gtl_time is not null then 1 else 0 end) as accepted
    from mp_analytics_critical.fact_consignments_full
    group by 1
),
repl as (
    select c.demand_id,
           max(case when f.consignment_time > c.cx_cancel_time then 1 else 0 end) as replaced
    from cx_cancel c
    join mp_analytics_critical.fact_consignments_full f on f.demand_id = c.demand_id
    group by 1
),
fo as (
    select c.demand_id,
           1 as backout,
           case when r.replaced = 1 then 1 else 0 end as conv
    from cx_cancel c
    join acc a on a.demand_id = c.demand_id and a.accepted = 1
    left join repl r on r.demand_id = c.demand_id
)
select
case when {{timeframe_type}} like 'DoD' then demand_date
	 when {{timeframe_type}} like 'WoW' then demand_week
	 when {{timeframe_type}} like 'MoM' then demand_month end as ""Day/Week/Month""
, count(distinct case when conv = 1 then demand_id end)*1.0
  / nullif(count(distinct case when backout = 1 then demand_id end),0) as ""% cx_init_cx_ind_replaced""
from (select *
	from (
		select a.*, fo.conv, fo.backout
		from mp_analytics_core.fact_consigner_demands_lead_source a
		join fo on a.demand_id = fo.demand_id
		)a
					)
group by 1,2",True,Ekta
Consigner Growth,%Acceptance to Trip,"Of placements the FO accepted and that were not auto-cancelled, the share that became a fulfilled trip.","SELECT COUNT(DISTINCT CASE WHEN accepted IS NOT NULL AND auto_cancelled IS NULL
                            AND trip_flag = 1 THEN demand_id END) * 1.0
     / NULLIF(COUNT(DISTINCT CASE WHEN accepted IS NOT NULL AND auto_cancelled IS NULL
                                  THEN demand_id END), 0)
FROM (SELECT a.demand_id, a.demand_date, a.trip_flag, fc.accepted, cx.auto_cancelled
      FROM fact_consigner_demands_lead_source a
      LEFT JOIN (SELECT demand_id, MAX(gtl_time) AS accepted
                 FROM mp_analytics_critical.fact_consignments_full GROUP BY 1) fc
             ON fc.demand_id = a.demand_id
      LEFT JOIN (SELECT demand_id,
                        MAX(CASE WHEN cancel_remarks = 'AUTO_CANCELLED_NO_ACTIVITY'
                                 THEN cancel_time END) AS auto_cancelled
                 FROM fact_consignment_cancellations GROUP BY 1) cx
             ON cx.demand_id = a.demand_id
      WHERE a.plc_flag = 1);",True,Ekta
Consigner Growth,% Trips with discount,Share of fulfilled trips carrying any discount.,"with discount_data as (
select demand_id, sum(transaction_amount) as discount
from mp_analytics_critical.fact_billings
where transaction_sub_type in ('GROWTH_DISCOUNT','EDPE','MIDDLE_SHARE','FO_ACTIVATION','REACTIVATION_BONUS')
group by 1 )


select count(case when c.discount>0 then distinct a.demand_id else null end)*1.0/nullif(count(distinct a.demand_id),0)
from mp_analytics_core.fact_demands a
left join mp_analytics_core.dim_consigners b on a.consigner_user_code=b.consigner_user_code
left join discount_data c on a.demand_id=c.demand_id
where a.load_type='FTL' and b.customer_type ilike '%%sme%%' and b.customer_flag='WE_Customer' and a.status='FULFILLED'",True,Gajinder
Consigner Growth,Revenue,Consigner freight fare net of freight differences.,"select sum(revenue)-sum(freight_difference)
from mp_analytics_core.fact_demands a
left join mp_analytics_core.dim_consigners b on a.consigner_user_code=b.consigner_user_code
left join mp_analytics_core.fact_consignments c on a.latest_consignment_id=c.consignment_id
where a.load_type='FTL' and b.customer_type ilike '%%sme%%' and b.customer_flag='WE_Customer' and a.status='FULFILLED'",True,Gajinder
Consigner Growth,Total discount,EDPE + FO activation + middle share + net coupon.,"with discount_data as (
select demand_id, sum(transaction_amount) as discount
from mp_analytics_critical.fact_billings
where transaction_sub_type in ('GROWTH_DISCOUNT','EDPE','MIDDLE_SHARE','FO_ACTIVATION','REACTIVATION_BONUS')
group by 1 )


select -sum(c.discount)
from mp_analytics_core.fact_demands a
left join mp_analytics_core.dim_consigners b on a.consigner_user_code=b.consigner_user_code
left join discount_data c on a.demand_id=c.demand_id
where a.load_type='FTL' and b.customer_type ilike '%%sme%%' and b.customer_flag='WE_Customer' and a.status='FULFILLED'",True,Gajinder
Consigner Growth,% Discount,Total discount over Revenue.,"with discount_data as (
select demand_id, sum(transaction_amount) as discount
from mp_analytics_critical.fact_billings
where transaction_sub_type in ('GROWTH_DISCOUNT','EDPE','MIDDLE_SHARE','FO_ACTIVATION','REACTIVATION_BONUS')
group by 1 )


select -sum(c.discount)*1.0/sum(d.revenue)
from mp_analytics_core.fact_demands a
left join mp_analytics_core.dim_consigners b on a.consigner_user_code=b.consigner_user_code
left join discount_data c on a.demand_id=c.demand_id
left join mp_analytics_core.fact_consignments d on a.latest_consignment_id=d.consignment_id
where a.load_type='FTL' and b.customer_type ilike '%%sme%%' and b.customer_flag='WE_Customer' and a.status='FULFILLED'",True,Gajinder
Consigner Growth,%Coupon discount,share of coupon discount of the total discount,"with discount_data as (
select demand_id, 
sum(transaction_amount) as discount, 
sum(case when transaction_sub_type='GROWTH_DISCOUNT' then transaction_amount else 0 end) as coupon_discount,
sum(case when transaction_sub_type in ('EDPE','MIDDLE_SHARE','FO_ACTIVATION') then transaction_amount else 0 end) as noncoupon_discount
from mp_analytics_critical.fact_billings
where transaction_sub_type in ('GROWTH_DISCOUNT','EDPE','MIDDLE_SHARE','FO_ACTIVATION','REACTIVATION_BONUS')
group by 1 )


select sum(c.coupon_discount)*1.0/sum(c.discount)
from mp_analytics_core.fact_demands a
left join mp_analytics_core.dim_consigners b on a.consigner_user_code=b.consigner_user_code
left join discount_data c on a.demand_id=c.demand_id
left join mp_analytics_core.fact_consignments d on a.latest_consignment_id=d.consignment_id
where a.load_type='FTL' and b.customer_type ilike '%%sme%%' and b.customer_flag='WE_Customer' and a.status='FULFILLED'",True,Gajinder
Consigner Growth,% Non-Coupon Discount,share of non-coupon discount of the total discount,"with discount_data as (
select demand_id, 
sum(transaction_amount) as discount, 
sum(case when transaction_sub_type='GROWTH_DISCOUNT' then transaction_amount else 0 end) as coupon_discount,
sum(case when transaction_sub_type in ('EDPE','MIDDLE_SHARE','FO_ACTIVATION') then transaction_amount else 0 end) as noncoupon_discount
from mp_analytics_critical.fact_billings
where transaction_sub_type in ('GROWTH_DISCOUNT','EDPE','MIDDLE_SHARE','FO_ACTIVATION')
group by 1 )


select sum(c.noncoupon_discount)*1.0/sum(c.discount)
from mp_analytics_core.fact_demands a
left join mp_analytics_core.dim_consigners b on a.consigner_user_code=b.consigner_user_code
left join discount_data c on a.demand_id=c.demand_id
left join mp_analytics_core.fact_consignments d on a.latest_consignment_id=d.consignment_id
where a.load_type='FTL' and b.customer_type ilike '%%sme%%' and b.customer_flag='WE_Customer' and a.status='FULFILLED'",True,Gajinder
Consigner Growth,% Middle Share,Markup of base price over what the FO is paid. A markup over supply cost.,"select sum(c.base_price_shown - c.supplyfare)*1.0/nullif(sum(c.supplyfare), 0)
from mp_analytics_core.fact_demands a
left join mp_analytics_core.dim_consigners b on a.consigner_user_code=b.consigner_user_code
left join mp_analytics_core.fact_consignments c on a.latest_consignment_id=c.consignment_id
where a.load_type='FTL' and b.customer_type ilike '%%sme%%' and b.customer_flag='WE_Customer' and a.status='FULFILLED'",True,Gajinder
Consigner Growth,% Cx Service Charge,Markup of consigner freight fare over base price,"SELECT SUM(consigner_freight_fare - base_price) * 1.0 / NULLIF(SUM(base_price), 0)
FROM fact_consigner_demands_lead_source WHERE trip_flag = 1;",True,Ekta
Consigner Growth,Avg Trip Revenue,Mean expected margin per trip,"SELECT AVG(pnl_expected)
FROM fact_consigner_demands_lead_source WHERE trip_flag = 1;",True,Ekta
FO Growth,# Acquired FOs,"Aliases: # 1st Trip FOs; # Newly Tripped FOs, Onboarded FO, Activated

FOs who completed their FIRST trip in the period. Counted on the first event_date where trips_till_date > 0.","SELECT COUNT(DISTINCT operator_code)
FROM (
  SELECT operator_code, MIN(event_date) AS first_trip_date
  FROM fact_operators_mp_events
  WHERE trips_till_date > 0
  GROUP BY operator_code
) t
WHERE first_trip_date BETWEEN :start_date AND :end_date;",True,Aakash
FO Growth,# Acquired FOs - 2nd Trip,"Aliases: # 2nd Trip FOs.

FOs who reached their 2nd trip (trips_till_date > 1). Depth-of-acquisition metric.","SELECT COUNT(DISTINCT operator_code)
FROM (
  SELECT operator_code, MIN(event_date) AS second_trip_date
  FROM fact_operators_mp_events
  WHERE trips_till_date > 1
  GROUP BY operator_code
) t
WHERE second_trip_date BETWEEN :start_date AND :end_date;",True,Aakash
FO Growth,# FO Visitors,"Aliases:  # FOs Landed on MP; Active Base

Distinct Fleet Operators (FOs) who landed on the MP section of the Operator App at any point in the period. The denominator for nearly every FO-side conversion %.","SELECT COUNT(DISTINCT operator_code)
FROM fact_operators_mp_events
WHERE landed_on_mp = 1;",True,Aakash
FO Growth,# LDP FO,"Aliases: # Load Detail Page Viewers; # LDP FOs, Load FOs 

Distinct FOs who viewed at least one Load Detail Page (is_checked_loads > 0). Browse-stage indicator.","SELECT COUNT(DISTINCT operator_code)
FROM fact_operators_mp_events
WHERE landed_on_mp = 1
  AND is_checked_loads > 0;",True,Aakash
FO Growth,# Ready FOs,"Aliases: Ready FOs 

Distinct FOs whose ready_date is not null AND mp_status = 'MP Ready' — sourced from analytics.fact_operators_onb. Different source from events-based # Ready FO; numbers will not tie out.","SELECT COUNT(DISTINCT operator_code)
FROM analytics.fact_operators_onb
WHERE ready_date IS NOT NULL
  AND mp_status = 'MP Ready';",True,Aakash
FO Growth,# Ready FOs Vehicle,"Aliases: # Trucks of Ready FOs, Vehicles of Reday fo Verfied or not verified
Total truck-class vehicles owned by Ready FOs (sum of vehicles per FO, not distinct FO count).","SELECT SUM(v.veh_count)
FROM analytics.fact_operators_onb f
JOIN (
  SELECT operator_code, COUNT(vehicle_number) AS veh_count
  FROM analytics.fact_vehicle_info
  WHERE vehicle_class = 'TRUCK'
  GROUP BY operator_code
) v ON f.operator_code = v.operator_code
WHERE f.ready_date IS NOT NULL
  AND f.mp_status = 'MP Ready';",True,Aakash
FO Growth,# Ready FOs Verified Vehicle,"Aliases: # Verified Vehicles of Ready FOs.

Variant of # Ready FOs Vehicle, restricted to vehicles with verified attributes.",-- Same as # Ready FOs Vehicle but vehicle filter restricted to verified rows.,True,Aakash
FO Growth,# Subscribed FOs,"Aliases: # New Subscribers; # Subs FOs, Who have taken Subscription

Distinct FOs who had a successful subscription transaction within the period (apollo_subscription, deleted=false, transaction_status=SUCCESS), exposed via fact_operators_onb.","SELECT COUNT(DISTINCT operator_code)
FROM analytics.fact_operators_onb
WHERE sub_date BETWEEN :start_date AND :end_date;",True,Aakash
FO Growth,# Token Paid FO,"Aliases: # Plc FO (at FO level); # Token Paid FOs (first token paid for Acquisition tab).

Distinct FOs who paid a token for at least one load (is_token_paid > 0). Commercial-intent volume metric.","SELECT COUNT(DISTINCT operator_code)
FROM fact_operators_mp_events
WHERE landed_on_mp = 1
  AND is_token_paid > 0;",True,Aakash
FO Growth,# Trip FO,"Aliases: # FOs with Trip; # Tripping FOs , Trip FO

Distinct FOs who completed at least one trip (total_trips_loads > 0).","SELECT COUNT(DISTINCT operator_code)
FROM fact_operators_mp_events
WHERE landed_on_mp = 1
  AND total_trips_loads > 0;",True,Aakash
FO Growth,# WAU,"Aliases: Weekly Active Users; # 7-Day Active FOs,WOW

Distinct Visitors active in the last 7 days of the period. Subset of # Visitors.","SELECT COUNT(DISTINCT operator_code)
FROM fact_operators_mp_events
WHERE landed_on_mp = 1
  AND event_date >= CURRENT_DATE - 7;",True,Aakash
FO Growth,% Acquired to 2nd Trip,"Aliases: % 1st → 2nd Trip (30/60/180D).

Of FOs acquired (1st trip), % who did 2nd trip within 30/60/180 days of 1st trip.","SELECT
  COUNT(DISTINCT CASE WHEN second_trip_date <= first_trip_date + 30 THEN operator_code END) * 1.0
  / NULLIF(COUNT(DISTINCT operator_code), 0) AS pct_2nd_30d
FROM (
  SELECT operator_code,
         MIN(CASE WHEN trips_till_date >= 1 THEN event_date END) AS first_trip_date,
         MIN(CASE WHEN trips_till_date >= 2 THEN event_date END) AS second_trip_date
  FROM fact_operators_mp_events
  GROUP BY operator_code
) c
WHERE first_trip_date IS NOT NULL;",True,Aakash
FO Growth,% Acquired to 3rd Trip,"Aliases: % 1st → 3rd Trip (30/60/180D).

Of FOs acquired, % who completed 3 trips within 30/60/180 days of 1st trip.",-- Same shape as % Acquired to 2nd Trip but with trips_till_date >= 3 for the third_trip_date.,True,Aakash
FO Growth,% Bid Feature FO,"Aliases: % Bidding Adoption; % FO using Bidding.,BID FOs

Share of Visitors who submitted a bid on at least one load (count_of_loads_bid_submit > 0). Data starts Dec-2025.","SELECT
  COUNT(DISTINCT CASE WHEN count_of_loads_bid_submit > 0 THEN operator_code END) * 1.0
  / NULLIF(COUNT(DISTINCT operator_code), 0) AS pct_bid_fo
FROM fact_operators_mp_events
WHERE landed_on_mp = 1
  AND event_date >= '2025-12-01';",True,Aakash
FO Growth,% LDP FO,"Aliases: % Visitor to LDP; % Load Detail Page FO.

# LDP FO / # Visitors — share of base that browsed at least one load.","SELECT
  COUNT(DISTINCT CASE WHEN is_checked_loads > 0 THEN operator_code END) * 1.0
  / NULLIF(COUNT(DISTINCT operator_code), 0) AS pct_ldp
FROM fact_operators_mp_events
WHERE landed_on_mp = 1;",True,Aakash
FO Growth,% LDP to Token Paid,"Aliases: % Load Detail to Token; LDP→Plc%.

# Token Paid FO / # LDP FO — browse-to-pay conversion at FO level.","SELECT
  COUNT(DISTINCT CASE WHEN is_token_paid > 0 THEN operator_code END) * 1.0
  / NULLIF(COUNT(DISTINCT CASE WHEN is_checked_loads > 0 THEN operator_code END), 0) AS pct_ldp_to_token
FROM fact_operators_mp_events
WHERE landed_on_mp = 1;",True,Aakash
FO Growth,% Matching Feature FO,"Aliases: % Matching Adoption.

Share of Visitors who used the matching feature (is_checked_loads_matching > 0). Data starts Jun-2025.","SELECT
  COUNT(DISTINCT CASE WHEN is_checked_loads_matching > 0 THEN operator_code END) * 1.0
  / NULLIF(COUNT(DISTINCT operator_code), 0) AS pct_matching
FROM fact_operators_mp_events
WHERE landed_on_mp = 1
  AND event_date >= '2025-06-01';",True,Aakash
FO Growth,% ODVT Filter FO,"Aliases: % Filter Usage FO; % FO using ODVT Filter.

Share of Visitors who applied a loading or unloading filter (Origin-Destination-Vehicle-Type).","SELECT
  COUNT(DISTINCT CASE WHEN is_loading_filter_used = 1
                        OR is_unloading_filter_used = 1
                      THEN operator_code END) * 1.0
  / NULLIF(COUNT(DISTINCT operator_code), 0) AS pct_filter_used
FROM fact_operators_mp_events
WHERE landed_on_mp = 1;",True,Aakash
FO Growth,% Onboarding Rate (Subs → 1st Trip),"Aliases: % Sub to Trip (7D / 30D / Lifetime).

Of Subscribed FOs, % who completed first trip within the selected window (7D / 30D / Lifetime variants).","SELECT
  s.sub_date_window,
  COUNT(DISTINCT CASE WHEN e.event_date <= s.sub_date + 7 AND e.trips_till_date > 0
                      THEN s.operator_code END) * 1.0
  / NULLIF(COUNT(DISTINCT s.operator_code), 0) AS pct_sub_to_trip_7d
FROM analytics.fact_operators_onb s
LEFT JOIN fact_operators_mp_events e ON s.operator_code = e.operator_code
WHERE s.has_sub = 1
GROUP BY s.sub_date_window;",True,Aakash
FO Growth,% Plc to Trip (FO),"Aliases: % Placement to Trip FO.

# Trip FO / # Plc FO — % of paying FOs who actually completed a trip.","SELECT
  COUNT(DISTINCT CASE WHEN total_trips_loads > 0 THEN operator_code END) * 1.0
  / NULLIF(COUNT(DISTINCT CASE WHEN total_placed_loads > 0 THEN operator_code END), 0) AS pct_plc_to_trip
FROM fact_operators_mp_events;",True,Aakash
FO Growth,% Ready FO,"Aliases: % Visitor to Ready.

# Ready FO / # Visitors — share of base that completed the readiness gate.","SELECT
  COUNT(DISTINCT CASE WHEN ready_fo = 1 THEN operator_code END) * 1.0
  / NULLIF(COUNT(DISTINCT operator_code), 0) AS pct_ready
FROM fact_operators_mp_events
WHERE landed_on_mp = 1;",True,Aakash
FO Growth,% Ready FO (No Plc in 90 days),"Aliases: % Ready FO; % Ready Not Active in last 90 days

Share of cumulative Ready FOs who have NOT placed any token in the last 90 days — the dormant-Ready pool.","WITH ready AS (
  SELECT DISTINCT operator_code
  FROM fact_operators_mp_events
  WHERE ready_fo = 1
),
recent_plc AS (
  SELECT DISTINCT operator_code
  FROM fact_operators_mp_events
  WHERE total_placed_loads > 0
    AND event_date >= CURRENT_DATE - 90
)
SELECT
  (COUNT(DISTINCT r.operator_code) - COUNT(DISTINCT p.operator_code)) * 1.0
  / NULLIF(COUNT(DISTINCT v.operator_code), 0) AS pct_dormant_ready
FROM (SELECT DISTINCT operator_code FROM fact_operators_mp_events WHERE landed_on_mp = 1) v
LEFT JOIN ready r ON v.operator_code = r.operator_code
LEFT JOIN recent_plc p ON v.operator_code = p.operator_code;",True,Aakash
FO Growth,% Reverse Trip FO,"Aliases: % FO doing Reverse Leg.

Share of Trip FOs who completed at least one reverse trip (reverse_loads_trips = 1). Denominator is Trip FOs (not Visitors).","SELECT
  COUNT(DISTINCT CASE WHEN second_trip_date <= first_trip_date + 30 THEN operator_code END) * 1.0
  / NULLIF(COUNT(DISTINCT operator_code), 0) AS pct_2nd_30d
FROM (
  SELECT operator_code,
         MIN(CASE WHEN trips_till_date >= 1 THEN event_date END) AS first_trip_date,
         MIN(CASE WHEN trips_till_date >= 2 THEN event_date END) AS second_trip_date
  FROM fact_operators_mp_events
  GROUP BY operator_code
) c
WHERE first_trip_date IS NOT NULL;",True,Aakash
FO Growth,% Token Paid FO,"Aliases: % Plc FO; % Visitor to Token Paid.

# Token Paid FO / # Visitors. Share of base that committed via token payment.","SELECT
  COUNT(DISTINCT CASE WHEN is_token_paid > 0 THEN operator_code END) * 1.0
  / NULLIF(COUNT(DISTINCT operator_code), 0) AS pct_token_paid
FROM fact_operators_mp_events
WHERE landed_on_mp = 1;",True,Aakash
FO Growth,% Token Paid to Plc,"Aliases: % Token to Placement.

# Plc FO / # Token Paid FO. Note: in most readings Plc and Token Paid are synonymous;","SELECT
  COUNT(DISTINCT CASE WHEN total_placed_loads > 0 THEN operator_code END) * 1.0
  / NULLIF(COUNT(DISTINCT CASE WHEN is_token_paid > 0 THEN operator_code END), 0) AS pct_token_to_plc
FROM fact_operators_mp_events;",True,Aakash
FO Growth,% Trip FO,"Aliases: % Visitor to Trip; % Trip Conversion.,Trip FO

# Trip FO / # Visitors — end-to-end Visitor → Trip conversion at FO level.","SELECT
  COUNT(DISTINCT CASE WHEN total_trips_loads > 0 THEN operator_code END) * 1.0
  / NULLIF(COUNT(DISTINCT operator_code), 0) AS pct_trip_fo
FROM fact_operators_mp_events
WHERE landed_on_mp = 1;",True,Aakash
FO Growth,% VA Feature FO,"Aliases: % Vehicle Availability Feature Usage.

Share of Visitors who marked Vehicle Available OR Vehicle Not Available (used the VA feature). Data starts Nov-2025.","SELECT
  COUNT(DISTINCT CASE WHEN is_marked_veh_available = 1
                        OR is_marked_veh_not_available = 1
                      THEN operator_code END) * 1.0
  / NULLIF(COUNT(DISTINCT operator_code), 0) AS pct_va_feature
FROM fact_operators_mp_events
WHERE landed_on_mp = 1
  AND event_date >= '2025-11-01';",True,Aakash
FO Growth,% Vehicle Available,"Aliases: % VA Positive Mark; % FO marked Available.,Vehicle Available Marked

Share of Visitors who explicitly marked vehicle as Available (is_marked_veh_available = 1 , 0 for is_marked_veh_not_available) — positive-intent only, excludes 'Not Available' marks.","SELECT
  COUNT(DISTINCT CASE WHEN is_marked_veh_available = 1 THEN operator_code END) * 1.0
  / NULLIF(COUNT(DISTINCT operator_code), 0) AS pct_va_positive
FROM fact_operators_mp_events
WHERE landed_on_mp = 1;",True,Aakash
FO Growth,% WAU,"Aliases: % Weekly Active.

# WAU divided by # Visitors. Tells you what share of the cumulative base is currently active.","SELECT
  COUNT(DISTINCT CASE WHEN event_date >= CURRENT_DATE - 7 THEN operator_code END) * 1.0
  / NULLIF(COUNT(DISTINCT operator_code), 0) AS pct_wau
FROM fact_operators_mp_events
WHERE landed_on_mp = 1;",True,Aakash
FO Growth,Churned FOs,"Aliases: % Churn; Lapsed FOs.

Of Trip FOs in the cohort month, count and % whose LAST trip date is more than 1 month before today — i.e., have stopped tripping.","WITH cohort AS (
  SELECT DISTINCT operator_code, DATE_TRUNC('month', event_date) AS cohort_month
  FROM fact_operators_mp_events
  WHERE total_trips_loads > 0
),
last_trip AS (
  SELECT operator_code, MAX(event_date) AS last_trip_date
  FROM fact_operators_mp_events
  WHERE total_trips_loads > 0
  GROUP BY operator_code
)
SELECT
  c.cohort_month,
  COUNT(DISTINCT CASE WHEN l.last_trip_date < CURRENT_DATE - INTERVAL '1 month'
                      THEN c.operator_code END) * 1.0
  / NULLIF(COUNT(DISTINCT c.operator_code), 0) AS churn_pct
FROM cohort c JOIN last_trip l USING (operator_code)
GROUP BY c.cohort_month;",True,Aakash
FO Growth,FO Segment (Trip-Rank Cohort),"Aliases: fo_segment; FO Cohort by Trips; Trip-Rank Segment.

Lifecycle cohort tag assigned to each FO based on number of completed trips. Values:
  • ""0""  → Acquired FOs (0  — new)
  • ""1-2""  → Early Retention (1-2 trips)
  • ""2+""   → Retained FOs (more than 2 trips — fully retained)

Used as a split / cohort filter, NOT as a standalone metric. Pair with any FO-Growth count or %
(e.g., # Trip FO by fo_segment) to see how the funnel performs per lifecycle stage.","SELECT DISTINCT fo_segment
FROM fact_operators_mp_events;
-- (table sometimes referred to as fact_fo_mp_events)

-- Common usage as a split:
SELECT
  fo_segment,
  COUNT(DISTINCT operator_code) AS fo_count
FROM fact_operators_mp_events
WHERE landed_on_mp = 1
GROUP BY fo_segment;",True,Aakash
FO Growth,Token per FO,"Aliases: Tokens / Customer; # Token Per FO.

Avg token-paid loads per Token-Paid FO. Underlying column is historically doubled — use card output, don't recompute.","SELECT
  SUM(CASE WHEN is_token_paid > 0 THEN is_token_paid_loads END) * 1.0
  / NULLIF(COUNT(DISTINCT CASE WHEN is_token_paid > 0 THEN operator_code END), 0) AS tokens_per_fo
FROM fact_operators_mp_events;
-- WARN: is_token_paid_loads is doubled in source; dashboard divides accordingly.",True,Aakash
FO Growth,Trip per FO,"Aliases: Trips / Customer (FO side); # Trip Per FO.

Avg trips per Trip-FO: SUM(total_trips_loads where >0) / COUNT(DISTINCT FO where trips>0).","SELECT
  SUM(CASE WHEN total_trips_loads > 0 THEN total_trips_loads END) * 1.0
  / NULLIF(COUNT(DISTINCT CASE WHEN total_trips_loads > 0 THEN operator_code END), 0) AS trips_per_fo
FROM fact_operators_mp_events;",True,Aakash
FO Growth,Visitors - Vehicle Attributes - Collection,"Aliases: % Vehicle Attributes Collected; Vehicle Attr by Source.

Of Subscribed Visitors (Apr-2026 onwards), % who had vehicle attributes (number, body, length, tyre) collected — split by collection point: Onboarding flow / Token flow / Homepage. Also reports % vehicles verified.","-- Visitors scope: landed_on_mp = 1 AND fo_sub_type = 'Subs' from 2026-04-01.
-- Vehicle attributes parsed from operator_app_events_current.miscellaneous on screens:
--   web_active_loads, web_confirm_load, web_preffered_vehicle.
-- Output: % attr verified overall, split by Onboarding flow / Token flow / Homepage,
--         and % vehicles verified (apollo_operator_vehicle.attribute_verified_by NOT NULL).",True,Aakash
Pricing,% Gross Take Rate,"Aliases: Gross TR, pnl_wo_discount, Take Rate (without Discount)

Expected (pre-cost) P&L divided by consigner freight fare on trips.","with consignments_data as (
select consignment_id, demand_id, supplyfare, operator_code, consignment_rank
from mp_analytics_critical.fact_consignments_full_full
) 


select 
sum(coalesce(pnl_expected,0) + coalesce(supplyfare,0) -coalesce(prev_supplyfare,0))*1.0/sum(consigner_freight_fare)
from
(
select demand_id, pnl_expected, consigner_freight_fare, trip_flag
from mp_analytics_core.fact_consigner_demands_lead_source
where trip_flag=1) a

left join

( 
select demand_id, latest_consignment_id
from mp_analytics_critical.fact_demands_full ) b
on a.demand_id=b.demand_id

left join

( 
select consignment_id, supplyfare
from consignments_data ) c
on b.latest_consignment_id=c.consignment_id

left join

( 
select demand_id, supplyfare as prev_supplyfare, operator_code as prev_operator_code
from consignments_data
where consignment_rank=1 ) d
on a.demand_id=d.demand_id",True,Gajinder
Pricing,% Trip Gross Take Rate,"Aliases: Trip Gross TR; % Gross Margin per Trip, Take Rate (without Discount and without Replacement Cost)","select sum(pnl_expected)*1.0/sum(consigner_freight_fare)
from mp_analytics_core.fact_consigner_demands_lead_source
where trip_flag=1",True,Gajinder
Pricing,% Net Take Rate,"Aliases: Net TR; % Net Margin per Trip, pnl, Take Rate

Net P&L (after costs) divided by consigner freight fare, on trip demands only. Headline profitability per trip.","with consignments_data as (
select consignment_id, demand_id, supplyfare, operator_code, consignment_rank
from mp_analytics_core.fact_consignments
) 


select 
sum(coalesce(pnl_expected,0) + coalesce(supplyfare,0) -coalesce(prev_supplyfare,0) + coalesce(e.discount,0))*1.0/sum(consigner_freight_fare)
from
(
select demand_id, pnl_expected, consigner_freight_fare, trip_flag
from mp_analytics_core.fact_consigner_demands_lead_source
where trip_flag=1) a

left join

( 
select demand_id, latest_consignment_id
from mp_analytics_core.fact_demands ) b
on a.demand_id=b.demand_id

left join

( 
select consignment_id, supplyfare
from consignments_data ) c
on b.latest_consignment_id=c.consignment_id

left join

( 
select demand_id, supplyfare as prev_supplyfare, operator_code as prev_operator_code
from consignments_data
where consignment_rank=1 ) d
on a.demand_id=d.demand_id

left join

( 
select demand_id, sum(transaction_amount) as discount
from mp_analytics_critical.fact_billings
where transaction_sub_type in ('GROWTH_DISCOUNT','EDPE','MIDDLE_SHARE','FO_ACTIVATION')
group by 1 ) e
on a.demand_id=e.demand_id",True,Gajinder
Pricing,% Trip Net Take Rate,"Aliases: Net TR; % Net Margin per Trip, pnl, Take Rate

Net P&L (after costs) divided by consigner freight fare, on trip demands only. Headline profitability per trip.","select 
sum(coalesce(pnl_expected,0) + coalesce(e.discount,0))*1.0/sum(consigner_freight_fare)
from
(
select demand_id, pnl_expected, consigner_freight_fare, trip_flag
from mp_analytics_core.fact_consigner_demands_lead_source
where trip_flag=1) a

left join

( 
select demand_id, sum(transaction_amount) as discount
from mp_analytics_critical.fact_billings
where transaction_sub_type in ('GROWTH_DISCOUNT','EDPE','MIDDLE_SHARE','FO_ACTIVATION')
group by 1 ) e
on a.demand_id=e.demand_id",True,Gajinder
FO Growth,Operator Fleet Size,"Aliases : Fleet Size

Number of vehicles owned by Operator and operator fleet categorization.","select operator_code, count(vehicle_id) as vehicle_count,
case when count(vehicle_id)=1 then 'SVO'
when count(vehicle_id)<=4 then 'SFO'
when count(vehicle_id)>=5 then 'MFO'
else null end as fleet_size
from mp_analytics_core.fact_vehicle_info
where live_date is not null
and deboarding_date is null
group by 1",True,Gajinder
FO Growth,Operator Base Location,"Aliases : Operator Home Location, Operator Business Location

Operator district, cluster, region, sub_cluster, tier","select a.operator_code, b.district, b.cluster, b.region, b.sub_cluster, b.tier
from mp_analytics_core.dim_operator_base_district a
left join mp_analytics_core.dim_mp_districts b on a.district_id=b.district_id",True,Gajinder
Matching,Bid per Demand,Operator have given bid against demands,"select demand_id, 
count(distinct operator_code) as bids
from mp_analytics_core.fact_operator_tokens
group by 1",True,Gajinder
Matching,Token per Demand,"Aliases : Token Bids, Bids with Token

Operator have given bid and token amount against demands","select demand_id, 
count(distinct case when status in ('SUCCESS','PAYMENT_SUCCESS','REFUNDED','PAYMENT_INITIATED','PARTIALLY_REFUNDED','FORFEITED') then operator_code else null end) as token_bids
from mp_analytics_core.fact_operator_tokens
group by 1",True,Gajinder
Matching,Valid Bid per Demand,"Aliases : VD Vids, Vehicle Details against Bid

Operator have given bid, token amounts, and vehicle details against demands","select demand_id, 
count(distinct case when vehicle_submitted_time is not null then operator_code else null end) as valid_bids
from mp_analytics_core.fact_operator_tokens
group by 1",True,Gajinder
Matching,DR with minimum time for Matching,"Aliases: DR with minimum time for BA, DR with minimum time for Booking Automation

DR which were active minimum x minutes to find vehicle. Standard is 30 minutes is not specified.","select count(a.demand_id)
from mp_analytics_core.fact_demands a
left join mp_analytics_core.dim_consigners b on a.consigner_user_code=b.consigner_user_code
where a.load_type='FTL' and b.customer_type ilike '%%sme%%' and b.customer_flag='WE_Customer' and a.status='FULFILLED'
and (case when a.plc_flag=0 then datediff('minutes', a.dr_time, coalesce(a.demand_cancel_by_cx_time, a.demand_cancel_by_sys_time)) else 10000 end) >= 30",True,Gajinder
FO Growth,Avg Opsearch FOs per DR,"Aliases: 2A. Avg Opsearch FOs Per DR; Supply Quantity Appearing in DRs.

Average number of distinct operators surfaced by Opsearch against a confirmed DR. Measures how deep the matchable supply pool is per demand. Split by Demand Region (NCR / ROI / Others) or Overall; weekly grain.","SELECT
    DATE_TRUNC('week', f.demand_date)::date              AS week_start,
    f.demand_region                                      AS split,
    COUNT(DISTINCT CASE WHEN f.dr_flag = 1 THEN f.demand_id END) AS total_drs,

    -- Avg Opsearch FOs per DR
    ROUND(AVG(CASE WHEN f.dr_flag = 1 THEN o.total_operators::float END), 1) AS avg_opsearch_fos_per_dr,


FROM mp_analytics_core.mp_demand_details f
LEFT JOIN mp_analytics_core.fact_demand_opsearch_summary o
       ON o.demandid = f.demand_id
WHERE f.metadata_plt != 'true'
  AND f.customer_type != 'ENTERPRISE'
  AND f.customer_flag  = 'WE_Customer'
  AND (f.consigner_freight_fare > 1000 OR f.consigner_freight_fare IS NULL)
  AND f.demand_date >= DATEADD(week, -12, DATE_TRUNC('week', CURRENT_DATE))
  AND f.demand_date <  DATE_TRUNC('week', CURRENT_DATE)
GROUP BY 1, 2
ORDER BY 1, 2;",True,Mohit
FO Growth,Avg Trip FO Ratio per DR,"Aliases: 2B. Avg Trip FO Ratio Per DR; Quality of Supply in DR.

Of the operators surfaced in Opsearch for a DR, the share that are already trip-experienced (had their 1st trip before the demand date). Ratio = Avg Trip-Opsearch FOs per DR / Avg Opsearch FOs per DR. Tells whether the matched pool is real supply or dormant supply.","SELECT
    DATE_TRUNC('week', f.demand_date)::date              AS week_start,
    f.demand_region                                      AS split,
    COUNT(DISTINCT CASE WHEN f.dr_flag = 1 THEN f.demand_id END) AS total_drs,


    -- Avg Trip FOs per DR
    ROUND(AVG(CASE WHEN f.dr_flag = 1 THEN o.trip_fo::float END), 1)         AS avg_trip_fos_per_dr,

    -- Trip FO Ratio
    AVG(CASE WHEN f.dr_flag = 1 THEN o.trip_fo::float END)
      / NULLIF(AVG(CASE WHEN f.dr_flag = 1 THEN o.total_operators::float END), 0) AS trip_fo_ratio

FROM mp_analytics_core.mp_demand_details f
LEFT JOIN mp_analytics_core.fact_demand_opsearch_summary o
       ON o.demandid = f.demand_id
WHERE f.metadata_plt != 'true'
  AND f.customer_type != 'ENTERPRISE'
  AND f.customer_flag  = 'WE_Customer'
  AND (f.consigner_freight_fare > 1000 OR f.consigner_freight_fare IS NULL)
  AND f.demand_date >= DATEADD(week, -12, DATE_TRUNC('week', CURRENT_DATE))
  AND f.demand_date <  DATE_TRUNC('week', CURRENT_DATE)
GROUP BY 1, 2
ORDER BY 1, 2;",True,Mohit
FO Growth,# New Token FOs,"Aliases: 3A. Supply Quality Funnel - New Token FO's; First-Time Token Payers.

Operators who paid a token in the period AND had never paid one before (token_till_date - is_token_paid_loads = 0). Distinct from '# Token Paid FO', which counts all token payers including repeats.","SELECT DATE_TRUNC('week', e.event_date)::date AS week_start,
       COUNT(DISTINCT CASE WHEN e.is_token_paid > 0
                            AND (e.token_till_date - e.is_token_paid_loads) = 0
                           THEN e.operator_code END) AS new_token_fos
FROM analytics.fact_operators_mp_events e
WHERE e.landed_on_mp = 1 AND e.fo_sub_type = 'Subs'
GROUP BY 1;",True,Mohit
FO Growth,# Newly Activated FOs,"Aliases: 4C. Newly Activated FOs; New Trip FOs; First-Trip Activations.

Operators who took a trip in the period AND had zero trips before it (trips_till_date - total_trips_loads = 0). This is the supply-side activation counter on the Supply Quality Funnel; '# Acquired FOs' is the equivalent on the FO Growth dashboard.","SELECT DATE_TRUNC('week', e.event_date)::date AS week_start,
       COUNT(DISTINCT CASE WHEN e.total_trips_loads > 0
                            AND (e.trips_till_date - e.total_trips_loads) = 0
                           THEN e.operator_code END) AS newly_activated_fos
FROM analytics.fact_operators_mp_events e
WHERE e.fo_sub_type = 'Subs'
GROUP BY 1;",True,Mohit
FO Growth,% Visitor to VA,"Aliases: visitor_to_va_pct; Visitor → Vehicle Available %.

Of operators who landed on MP in the week, the share who marked a vehicle AVAILABLE in the availability snapshot. Step 2 of the Supply Quality Funnel (Visitors → VA → LDP → Token → Trip). Note: VA numerator comes from a separate snapshot table, so region splits must join on week+region.","WITH veh_avail AS (
  SELECT DATE_TRUNC('week', avs.snapshot_time)::date AS week_start,
         COUNT(DISTINCT CASE WHEN avs.remark='AVAILABLE' THEN avs.op_code END) AS avail_fos
  FROM analytics.apollo_vehicle_availability_snapshot avs
  JOIN analytics.fact_operators_onb onb ON avs.op_code = onb.operator_code AND onb.sub_date > '1970-01-01'
  JOIN analytics.fact_operators_mp_events fp ON fp.operator_code = avs.op_code AND fp.landed_on_mp = 1
  GROUP BY 1)
SELECT DATE_TRUNC('week', e.event_date)::date AS week_start,
       100.0 * va.avail_fos / NULLIF(COUNT(DISTINCT e.operator_code),0) AS visitor_to_va_pct
FROM analytics.fact_operators_mp_events e
LEFT JOIN veh_avail va ON va.week_start = DATE_TRUNC('week', e.event_date)::date
WHERE e.landed_on_mp = 1 AND e.fo_sub_type = 'Subs'
GROUP BY 1, va.avail_fos;",True,Mohit
FO Growth,% 1st Trip to 2nd Trip (n-day cohort),"Aliases: First to 2nd Trip Activation (In 7/14/30/60/90 Days); FO Trip Cohort.

Cohort of FOs by the week of their FIRST trip; share who took a 2nd (or 3rd) trip within n days of it. n = 7 / 14 / 30 / 60 / 90 for 2nd trip, 7 / 14 / 21 for 3rd. Available Pan-India and split by FO Region (NCR / ROI / OTHERS). More granular version of '% Acquired to 2nd Trip'.","WITH raw_ AS (
  SELECT c.operator_code, c.consignment_time::date AS placement_date,
         ROW_NUMBER() OVER (PARTITION BY c.operator_code ORDER BY c.consignment_time) AS ranker
  FROM mp_analytics_critical.fact_consignments_full c
  WHERE c.consignment_state != 'CANCELLED'
    AND c.demand_id IN (SELECT demand_id FROM mp_analytics_core.mp_demand_details
                        WHERE metadata_plt != 'true' AND customer_type != 'ENTERPRISE'
                          AND customer_flag = 'WE_Customer'
                          AND (consigner_freight_fare > 1000 OR consigner_freight_fare IS NULL))
), cohort AS (
  SELECT operator_code,
         MAX(CASE WHEN ranker=1 THEN placement_date END) AS first_trip_date,
         MAX(CASE WHEN ranker=2 THEN placement_date END) AS second_trip_date
  FROM raw_ GROUP BY 1)
SELECT date_trunc('week', first_trip_date)::date AS week,
       COUNT(DISTINCT operator_code) AS first_trip_fos,
       100.0 * COUNT(DISTINCT CASE WHEN second_trip_date <= first_trip_date + 30 THEN operator_code END)
             / NULLIF(COUNT(DISTINCT operator_code),0) AS pct_2nd_trip_30d
FROM cohort GROUP BY 1;",True,Mohit
Consigner Exp and Services,% Pickup Ontime,"Aliases: Consignment Pickup - Ontime %; Reached at Loading Ontime.

Share of completed trips where the vehicle reached the loading point on time (gtl_delay = 'ontime'). Denominator = trips completed in the period (by unloading_done_time). FTL only.","SELECT date_trunc('month', s.unloading_done_time) AS trip_completion_time,
       COUNT(DISTINCT CASE WHEN s.gtl_delay = 'ontime' THEN s.demand_id END) * 1.0
     / NULLIF(COUNT(DISTINCT s.demand_id), 0) AS pickup_ontime_pct
FROM mp_analytics_core.fact_consigner_service_stats s
WHERE s.business_type = 'FTL' AND s.unloading_done_time IS NOT NULL
GROUP BY 1;",True,Mohit
Consigner Exp and Services,% Delivery Ontime (In TAT),"Aliases: Consignment Delivery - Ontime %; In TAT - Delivery.

Share of completed trips that reached unloading within the system transit TAT. CAUTION: two different flag values are in use across cards — sys_trnst_dly = 'in_tat' on the Pickup card and sys_trnst_dly = 'ontime' on the NPS/Critical-Delays cards. Confirm which the consuming card uses before comparing numbers.","SELECT date_trunc('month', s.unloading_done_time) AS trip_completion_time,
       COUNT(DISTINCT CASE WHEN s.sys_trnst_dly = 'in_tat' THEN s.demand_id END) * 1.0
     / NULLIF(COUNT(DISTINCT s.demand_id), 0) AS delivery_ontime_pct
FROM mp_analytics_core.fact_consigner_service_stats s
WHERE s.unloading_done_time IS NOT NULL
GROUP BY 1;",True,Mohit
Consigner Exp and Services,% Critical Delays,"Aliases: Transit Critical Delays %; Over 20% TAT Trips.

Share of completed trips where transit overshot the system TAT by more than 20% (sys_trnst_dly = 'over_20%_TAT'). Feeds the 'Churn - Critical Cases' watchlist along with damage trips.","SELECT date_trunc('month', s.unloading_done_time) AS trip_completion_time,
       COUNT(DISTINCT CASE WHEN s.sys_trnst_dly = 'over_20%_TAT' THEN s.demand_id END) * 1.0
     / NULLIF(COUNT(DISTINCT s.demand_id), 0) AS critical_delays_pct
FROM mp_analytics_core.fact_consigner_service_stats s
WHERE s.unloading_done_time IS NOT NULL
GROUP BY 1;",True,Mohit
Consigner Exp and Services,% Damage Trips,"Aliases: Damage Trips %; Damage Occurred in Trips %; YoY Damage Trips %.

Share of completed trips with any damage/shortage recorded, i.e. damage type NOT IN ('nan','NO_DAMAGE','None',''). Split available NCR vs ROI and New vs Onboarded.","SELECT date_trunc('month', s.unloading_done_time) AS trip_completion_time,
       COUNT(DISTINCT CASE WHEN s.type NOT IN ('nan','NO_DAMAGE','None','') THEN s.demand_id END) * 1.0
     / NULLIF(COUNT(DISTINCT s.demand_id), 0) AS damage_trips_pct
FROM mp_analytics_core.fact_consigner_service_stats s
WHERE s.unloading_done_time IS NOT NULL
GROUP BY 1;",True,Mohit
Consigner Exp and Services,Trip NPS,"Aliases: Trip NPS; NPS.

Net Promoter Score on post-trip ratings. Promoters = rating 5; Passives = rating 4; Detractors = rating 1-3. NPS = %Promoters − %Detractors, both taken over RATED trips only (rating > 0), not all trips. Split by NCR vs ROI, New vs Onboarded, HP vs LP.","SELECT date_trunc('month', unloading_done_time) AS trip_completion_time,
       COUNT(DISTINCT CASE WHEN rating = 5 THEN demand_id END) * 1.0
         / NULLIF(COUNT(DISTINCT CASE WHEN rating > 0 THEN demand_id END), 0)
     - COUNT(DISTINCT CASE WHEN rating IN (1,2,3) THEN demand_id END) * 1.0
         / NULLIF(COUNT(DISTINCT CASE WHEN rating > 0 THEN demand_id END), 0) AS nps
FROM mp_analytics_core.fact_consigner_service_stats
WHERE unloading_done_time IS NOT NULL
GROUP BY 1;",True,Mohit
Consigner Exp and Services,% Bad Rated Trips,"Aliases: Bad Rated Trips %.

CAUTION — two definitions coexist on the dashboard. NPS-family cards use rating IN (1,2,3); the Pickup/Service-Overview card uses rating IN (1,2). Denominator in both is ALL completed trips, not rated trips. Always state which cut is being quoted.","-- NPS-family definition (rating 1-3):
SELECT date_trunc('month', unloading_done_time) AS trip_completion_time,
       COUNT(DISTINCT CASE WHEN rating IN (1,2,3) THEN demand_id END) * 1.0
     / NULLIF(COUNT(DISTINCT demand_id), 0) AS bad_rated_trips_pct
FROM mp_analytics_core.fact_consigner_service_stats
WHERE unloading_done_time IS NOT NULL
GROUP BY 1;

-- Service-Overview definition swaps the numerator to: rating IN (1,2)",True,Mohit
Consigner Exp and Services,% Rated Trips,"Aliases: Total Trips V/s Rating Received Trips; Rated_Trips%.

Share of completed trips that received any rating (rating > 0). This is the coverage denominator for NPS and Average Trip Rating — a low value means NPS is being read off a thin, self-selected sample.","SELECT date_trunc('month', unloading_done_time) AS trip_completion_time,
       COUNT(DISTINCT CASE WHEN rating > 0 THEN demand_id END) * 1.0
     / NULLIF(COUNT(DISTINCT demand_id), 0) AS rated_trips_pct
FROM mp_analytics_core.fact_consigner_service_stats
WHERE unloading_done_time IS NOT NULL
GROUP BY 1;",True,Mohit
Consigner Exp and Services,Cx Tickets per Trip,"Aliases: Tickets Per Trip; CX - Tickets WOW/MOM; Tickets per Trip - App / Manual Split.

Consigner tickets raised per completed trip. Tickets from mp_analytics_core.fact_cx_tickets (by ticket_created_time), trips from fact_consigner_service_stats (by unloading_done_time). Split by source APP vs ODIN, and available excluding 'PAYMENT MAPPING' sub-issues.","WITH trips AS (
  SELECT date_trunc('month', unloading_done_time) AS timeline, COUNT(DISTINCT code) AS trips
  FROM mp_analytics_core.fact_consigner_service_stats
  WHERE unloading_done_time IS NOT NULL GROUP BY 1),
tickets AS (
  SELECT date_trunc('month', ticket_created_time) AS timeline,
         COUNT(DISTINCT ticket_code) AS tickets,
         COUNT(DISTINCT CASE WHEN source = 'APP'  THEN ticket_code END) AS app_tickets,
         COUNT(DISTINCT CASE WHEN source = 'ODIN' THEN ticket_code END) AS odin_tickets
  FROM mp_analytics_core.fact_cx_tickets GROUP BY 1)
SELECT t.timeline,
       k.tickets * 1.0 / NULLIF(t.trips, 0) AS tickets_per_trip,
       k.app_tickets  * 1.0 / NULLIF(k.tickets, 0) AS app_tickets_pct,
       k.odin_tickets * 1.0 / NULLIF(k.tickets, 0) AS odin_tickets_pct
FROM trips t LEFT JOIN tickets k ON k.timeline = t.timeline;",True,Mohit
Consigner Exp and Services,% Escalation Raised in Trips,"Aliases: escalation_raised_in_trips%.

Share of completed trips on which the consigner raised at least one ticket. Trip-level (unlike Tickets per Trip, which is ticket-level and can exceed 1).","SELECT date_trunc('month', s.unloading_done_time) AS trip_completion_time,
       COUNT(DISTINCT CASE WHEN tk.ticket_code IS NOT NULL THEN s.demand_id END) * 1.0
     / NULLIF(COUNT(DISTINCT s.demand_id), 0) AS escalation_raised_pct
FROM mp_analytics_core.fact_consigner_service_stats s
LEFT JOIN mp_analytics_core.fact_cx_tickets tk ON tk.demand_id = s.demand_id
WHERE s.unloading_done_time IS NOT NULL
GROUP BY 1;",True,Mohit
Consigner Exp and Services,% In TAT Resolution (Cx),"Aliases: Escalation Solved Ontime %; In TAT Resolution % - App & Manual Tickets.

Share of consigner tickets resolved within their issue-wise TAT (tat_resolve_cat = 1). Also reported split by source (APP vs ODIN).","SELECT date_trunc('month', ticket_created_time) AS ticket_created_time,
       COUNT(DISTINCT CASE WHEN tat_resolve_cat = 1 THEN ticket_code END) * 1.0
     / NULLIF(COUNT(DISTINCT ticket_code), 0) AS in_tat_resolution_pct,
       COUNT(DISTINCT CASE WHEN tat_resolve_cat = 1 AND source = 'APP' THEN ticket_code END) * 1.0
     / NULLIF(COUNT(DISTINCT CASE WHEN source = 'APP' THEN ticket_code END), 0) AS app_in_tat_pct
FROM mp_analytics_core.fact_cx_tickets
GROUP BY 1;",True,Mohit
Consigner Exp and Services,App Tickets CSAT,"Aliases: App Tickets CSAT; good_feeback_on_app_tkts%.

Of app-raised consigner tickets that received feedback, the share marked GOOD. Feedback coverage is reported alongside as feebacks_on_app_tkts% = (GOOD + BAD) / app tickets. Overall CSAT uses the same formula without the source = 'APP' filter.","SELECT date_trunc('month', ticket_created_time) AS ticket_created_time,
       COUNT(DISTINCT CASE WHEN source='APP' AND ticket_feedback='GOOD' THEN ticket_code END) * 1.0
     / NULLIF(COUNT(DISTINCT CASE WHEN source='APP' AND ticket_feedback IN ('GOOD','BAD') THEN ticket_code END), 0)
         AS good_feedback_on_app_tkts_pct,
       COUNT(DISTINCT CASE WHEN source='APP' AND ticket_feedback IN ('GOOD','BAD') THEN ticket_code END) * 1.0
     / NULLIF(COUNT(DISTINCT CASE WHEN source='APP' THEN ticket_code END), 0) AS feedback_coverage_pct
FROM mp_analytics_core.fact_cx_tickets
GROUP BY 1;",True,Mohit
Consigner Exp and Services,"% Operator Backout (Post-Acceptance, FO-induced)","Aliases: Operator Backout %; Post-Acceptance-Fo-ind%.

Of ACCEPTED placements, the share cancelled after acceptance with induced_party = 'Operator'. Attribution overrides: cancelled_by containing 'SYSTEM', or cancel_remarks containing 'RETRY_BETTER_PRICE', are re-attributed to Consigner. Also reported pre-acceptance (FO / Cx induced) and as a demand-loss cut.","WITH cons AS (
  SELECT fc.demand_id, fc.consignment_code, fc.consignment_time, fc.gtl_time AS acceptance,
         CASE WHEN strpos(upper(COALESCE(fcc.cancelled_by,'')),'SYSTEM') > 0 THEN 'Consigner'
              WHEN strpos(upper(COALESCE(fcc.cancel_remarks,'')),'RETRY_BETTER_PRICE') > 0 THEN 'Consigner'
              ELSE fcc.induced_party END AS induced_party,
         fcc.cancel_time
  FROM mp_analytics_critical.fact_consignments_full fc
  LEFT JOIN mp_analytics_core.fact_consignment_cancellations fcc ON fcc.consignment_code = fc.consignment_code),
scope AS (SELECT demand_id, status FROM mp_analytics_core.mp_demand_details
          WHERE metadata_plt != 'true' AND customer_type != 'ENTERPRISE' AND customer_flag = 'WE_Customer'
            AND (consigner_freight_fare > 1000 OR consigner_freight_fare IS NULL))
SELECT date_trunc('week', DATE(c.consignment_time)) AS timeline,
       COUNT(DISTINCT CASE WHEN c.acceptance IS NOT NULL AND c.cancel_time > c.acceptance
                            AND c.induced_party = 'Operator' THEN c.demand_id END) * 1.0
     / NULLIF(COUNT(DISTINCT CASE WHEN c.acceptance IS NOT NULL THEN c.demand_id END), 0) AS post_acceptance_fo_ind_pct
FROM cons c JOIN scope s ON s.demand_id = c.demand_id
GROUP BY 1;",True,Mohit
FO Exp and Services,Balance Payment TAT (post valid POD upload),"Aliases: Balance Payment On Basis Of Valid POD Upload.

Same bucketing as Balance Payment TAT but the clock starts at the POD collection entry time (or trip end, whichever is later) instead of trip end. Use this when the question is 'how fast do we pay once the FO has done their part'; use the trip-end version for the FO's lived experience.","-- Identical to Balance Payment TAT (post Trip End), except the reference time is:
--   finl_time = GREATEST(unloading_done_time, pod_collection_entry_time)
-- bal_time_diff = DATEDIFF(minute, finl_time, bal_pay_time)
-- Buckets: <=120 / <=360 / <=720 / <=1440 / >1440 minutes over the same 'balance_paid' denominator.",True,Mohit
FO Exp and Services,Advance Payment TAT,"Aliases: Operator Advance Payment; LessThan1Hr/2Hr/6Hr/12Hr/24Hr %.

Of trips where an advance was paid, the share disbursed within 1 / 2 / 6 / 12 / 24 hrs of trip start. Trip start = otp_entry_time, falling back to in_transit_time when OTP is missing. Advance = latest SUCCESS DEBIT txn of type 'ADVANCE'. Optional NCR flag filter.","SELECT date_trunc('month', unloading_done_time)::date AS month,
       COUNT(DISTINCT code) AS total_trips,
       COUNT(CASE WHEN time_dispose IS NOT NULL THEN code END) AS advance_paid,
       ROUND(COUNT(DISTINCT CASE WHEN adv_time_diff <= 60   THEN code END)*100.0/NULLIF(advance_paid,0),2) AS lt1hr_pct,
       ROUND(COUNT(DISTINCT CASE WHEN adv_time_diff <= 360  THEN code END)*100.0/NULLIF(advance_paid,0),2) AS lt6hr_pct,
       ROUND(COUNT(DISTINCT CASE WHEN adv_time_diff <= 1440 THEN code END)*100.0/NULLIF(advance_paid,0),2) AS lt24hr_pct
FROM (
  -- trip_start_time = COALESCE(otp_entry_time, in_transit_time)
  -- adv_time_diff  = DATEDIFF(minute, trip_start_time, adv_pay_time)
  SELECT ... FROM mp_analytics_critical.fact_consignments_full c
  LEFT JOIN mp_analytics_ops.fact_operator_consignment_transaction x
         ON split_part(c.consignment_code,'-',2) = x.consignment_id
        AND x.type='ADVANCE' AND x.status='SUCCESS' AND x.category='DEBIT'
  WHERE c.consignment_state = 'TRIP_END')
GROUP BY 1;",True,Mohit
FO Exp and Services,FO Tickets per Trip,"Aliases: Tickets Per Trip Fulfilled Trips; Tickets Per Trip Placed Trips; Operator Tickets Per Trip.

Operator tickets raised per trip. Two denominators are in use — Fulfilled trips and Placed trips — and they are NOT interchangeable; the placed-trip version is always lower. Tickets from mp_analytics_core.fact_operator_tickets (a_created); trips from fact_consignments where consignment_state != 'CANCELLED', with the standard non-PTL / non-Enterprise / WE_Customer / fare>1000 scope.","WITH a AS (
  SELECT date_trunc('day', t.a_created::timestamp) AS date_trip,
         COUNT(DISTINCT t.ticket_code) AS tickets
  FROM mp_analytics_core.fact_operator_tickets t GROUP BY 1),
trips AS (
  SELECT date_trunc('day', c.consignment_time) AS date_trip,
         COUNT(DISTINCT c.consignment_code) AS trips_done
  FROM mp_analytics_critical.fact_consignments_full c
  LEFT JOIN mp_analytics_core.mp_demand_details d ON d.demand_id = c.demand_id
  WHERE c.consignment_state != 'CANCELLED'
    AND metadata_plt != 'true' AND customer_type != 'ENTERPRISE' AND customer_flag = 'WE_Customer'
    AND (consigner_freight_fare > 1000 OR consigner_freight_fare IS NULL)
  GROUP BY 1)
SELECT date_trunc('month', trips.date_trip) AS month,
       SUM(tickets) * 1.0 / NULLIF(SUM(trips_done), 0) AS tickets_per_trip
FROM trips LEFT JOIN a ON a.date_trip = trips.date_trip
GROUP BY 1;",True,Mohit
FO Exp and Services,% In TAT Resolution (FO),"Aliases: IN TAT Resolution %; IN_TAT_%.

Share of operator tickets resolved within an issue-wise TAT measured in HOURS. TAT lookup is per issue_identified (e.g. Operator Backout 1h, No Response from Customer 2h, most charge/detention issues 3h, Delay in POD 6h, Advance/Balance Payment 12h, Delay in Loading/Unloading 24h, UTR issues 72h, Damage/Shortage 168h). Duration = resolved_dur for RESOLVED/CLOSED, open_from for ACTIVE/HOLD. Note: open_from carries a known IST-offset quirk, preserved from the legacy query.","WITH tat_calc AS (
  SELECT t.ticket_code, t.a_created::timestamp AS a_created, t.issue_identified, t.status,
         CASE WHEN t.status IN ('RESOLVED','CLOSED') THEN t.resolved_dur
              WHEN t.status IN ('ACTIVE','HOLD')     THEN t.open_from END AS resolved_duration,
         CASE WHEN t.issue_identified = 'Operator Backout' THEN 1
              WHEN t.issue_identified = 'No Response from Customer' THEN 2
              WHEN t.issue_identified IN ('Delay in Bilti','Loading Charge','Unloading Charge',
                   'Loading Detention','Unloading Detention','Extra Distance') THEN 3
              WHEN t.issue_identified = 'Delay in POD' THEN 6
              WHEN t.issue_identified IN ('Advance Payment','Balance Payment') THEN 12
              WHEN t.issue_identified IN ('Delay in Loading','Delay in Unloading') THEN 24
              WHEN t.issue_identified IN ('Advance UTR Not Generated','Balance UTR Not Generated') THEN 72
              WHEN t.issue_identified = 'Damage / Shortage Issue' THEN 168
              /* ...full lookup in card 31305... */ END AS tat
  FROM mp_analytics_core.fact_operator_tickets t WHERE t.a_created::timestamp >= '2024-04-01')
SELECT date_trunc('month', a_created) AS month_,
       COUNT(DISTINCT CASE WHEN resolved_duration <= tat THEN ticket_code END) * 1.0
     / NULLIF(COUNT(DISTINCT ticket_code), 0) AS in_tat_pct
FROM tat_calc GROUP BY 1;",True,Mohit
FO Exp and Services,Overall FO Queries per Trip,"Aliases: Overall FO Queries; tickets_per_trip / calls_per_trip / chats_per_trip / rm_calls_per_trip.

Single scorecard putting every FO contact channel on one per-trip denominator: tickets (fact_operator_tickets), CC calls (cc_acd_raw), chats (tesseract_help_chat_session), and RM calls (mp_rm_call_details_raw, CONNECTED only, split MP_Load_Support_Inbound vs _Outbound). Use it to see channel substitution — chat deflection should push tickets_per_trip down, not just chats_per_trip up.","-- trips: fact_consignments (state != 'CANCELLED', non-PTL, non-Enterprise, WE_Customer, fare>1000)
-- tickets: COUNT(DISTINCT ticket_code) FROM mp_analytics_core.fact_operator_tickets
-- calls:   COUNT(DISTINCT call_id) FROM cc_acd_raw JOIN cc_crm_raw (product='Marketplace', c_type='Customer')
-- chats:   COUNT(DISTINCT sessionid) FROM mp_analytics_sandbox.tesseract_help_chat_session
-- rm:      COUNT(DISTINCT call_id) FROM analytics.mp_rm_call_details_raw WHERE system_disposition='CONNECTED'
SELECT month,
       total_tickets * 1.0 / NULLIF(total_trips,0) AS tickets_per_trip,
       total_calls   * 1.0 / NULLIF(total_trips,0) AS calls_per_trip,
       total_chats   * 1.0 / NULLIF(total_trips,0) AS chats_per_trip,
       rm_total_calls * 1.0 / NULLIF(total_trips,0) AS rm_calls_per_trip
FROM base_agg LEFT JOIN rm_calls_agg USING (month);",True,Mohit
FO Exp and Services,% Chats Converted to Ticket,"Aliases: Operator App (Chat Auto Redressal); chats_converted_to_ticket%.

Of operator help-chat sessions, the share that ended up creating a ticket (ticket created at or after chat start). This is the inverse of auto-redressal: lower = the bot resolved it. Sessions where the linked ticket predates the chat are classified 'ticket_created_before_chat' and excluded from the numerator.","SELECT date_trunc('month', chat_created) AS chat_created,
       COUNT(DISTINCT sessionid) AS unique_chat_sessions,
       COUNT(DISTINCT CASE WHEN ticket_chat_chck = 'ticket_created_in_chat' THEN sessionid END) * 1.0
     / NULLIF(COUNT(DISTINCT sessionid), 0) AS chats_converted_to_ticket_pct
FROM (
  SELECT cs.sessionid, cs.created_ts + interval '5h30m' AS chat_created,
         CASE WHEN datediff(min, cs.created_ts + interval '5h30m', tms.ticket_creation) >= 0
              THEN 'ticket_created_in_chat'
              WHEN datediff(min, cs.created_ts + interval '5h30m', tms.ticket_creation) < 0
              THEN 'ticket_created_before_chat' END AS ticket_chat_chck
  FROM mp_analytics_sandbox.tesseract_help_chat_session cs
  LEFT JOIN (SELECT DISTINCT ticket_code, created + interval '5h30m' AS ticket_creation
             FROM trucking.dpdtms_ticket) tms ON tms.ticket_code = cs.ticketid)
GROUP BY 1;",True,Mohit
FO Exp and Services,Chat CSAT,"Aliases: Chats CSAT; Overall Chat CSAT; chats_recieved_good_feebacks%.

Of operator chat sessions that received feedback, the share with feedbackcategory = 'SATISFIED'. IMPORTANT: tesseract_help_chat_feedback is CDC-replicated with multiple rows per sessionid — dedup to the latest row per session (ROW_NUMBER over updated desc, id desc) before aggregating, or sessions double-count into both good and bad buckets.","WITH cf AS (
  SELECT sessionid, feedbackcategory FROM (
    SELECT sessionid, feedbackcategory,
           row_number() OVER (PARTITION BY sessionid ORDER BY updated DESC, id DESC) AS rn
    FROM mp_analytics_sandbox.tesseract_help_chat_feedback WHERE deleted = false)
  WHERE rn = 1)
SELECT date_trunc('month', cs.created_ts + interval '5h30m') AS chat_created,
       COUNT(DISTINCT CASE WHEN cf.feedbackcategory = 'SATISFIED' THEN cs.sessionid END) * 1.0
     / NULLIF(COUNT(DISTINCT CASE WHEN cf.feedbackcategory IS NOT NULL THEN cs.sessionid END), 0)
         AS chat_csat
FROM mp_analytics_sandbox.tesseract_help_chat_session cs
LEFT JOIN cf ON cf.sessionid = cs.sessionid
GROUP BY 1;",True,Mohit
FO Exp and Services,FO Ticket Feedback Rate & CSAT,"Aliases: Overall FO Ticket Feedbacks : MP; %feedback / %feedback_- / %feedback_+.

Three things on one card: (1) feedback coverage = tickets with feedback / total tickets; (2) negative rate = NOT_SATISFIED / tickets with feedback; (3) dissatisfaction reason mix over total tickets — DELAY_IN_RESOLUTION, INAPPROPRIATE_RESOLUTION, NO_UPDATES, TEAM_MISCONDUCT, OTHERS. Reason % denominators are TOTAL tickets, not feedback-received, so they will not sum to the negative rate.","SELECT date_trunc('month', a_created::date) AS ticket_creation,
       COUNT(DISTINCT ticket_code) AS total_tickets,
       COUNT(DISTINCT CASE WHEN len(ticket_feedback) > 3 THEN ticket_code END) AS feedback_received,
       feedback_received * 1.0 / NULLIF(total_tickets, 0) AS ""%feedback"",
       COUNT(DISTINCT CASE WHEN ticket_feedback = 'NOT_SATISFIED' THEN ticket_code END) * 1.0
         / NULLIF(feedback_received, 0) AS ""%feedback_-"",
       COUNT(DISTINCT CASE WHEN ticket_feedback_reason ILIKE '%DELAY_IN_RESOLUTION%' THEN ticket_code END) * 1.0
         / NULLIF(total_tickets, 0) AS ""delay_in_resolution%""
FROM mp_analytics_core.fact_operator_tickets
GROUP BY 1;",True,Mohit
PTL Overview,# Price Search,"Aliases: # Requirements; # Consignor Requirements.

Count of distinct PTL shipment *requirements* (not raw rate-API calls). Replaces the older ""price checks"" count.

Grain fix: fact_ptl_browsing is at RATE-API-CALL grain — a new browsing_id is minted on every re-quote, which overstates demand ~4x. This metric collapses calls into requirements:
1. BURST = a consignor's chain of rate calls; a gap of >=30 min starts a new burst (runs across midnight, no calendar-day cut).
2. REQUIREMENT = one lane (pickup_pincode + drop_pincode) inside one burst. Two lanes in a burst = 2 requirements; same lane on another day = 2 requirements.
3. QUALIFYING — APP: needs >=1 deviation from the app's hardcoded prefill (drop pincode / weight / dimensions). WEB PORTAL: always qualifies (requirement is stated to a KAM, not inferred).
4. REPRESENTATIVE ROW = within a requirement, the latest row carrying dimensions; else simply the latest. Ground truth overrides the heuristic — a booked row is always its own requirement, so 100% of booked browsing_ids carry is_requirement = 1.

Service type is deliberately EXCLUDED from the deviation score (app ships WAREHOUSE_TO_WAREHOUSE default while 82% of bookings are DOOR_TO_DOOR — it predicts nothing).

Validation (1,351 Aug-2026 bookings): representative-row rule recovers the booked weight in 95.1% of booked requirements. Aug 1-26 baseline: 50,573 rate calls -> 12,787 requirements (~4.0x correction).
Caveat: 4.0% of demands carry NO browsing_id at all and are structurally unlinkable to a price check — if this share grows, the metric understates demand. Requirement -> Demand is NOT 1:1.

Definition locked 27 Aug 2026. Owner: PTL Demand POD.
Filters: Interval (Day/Week/Month), cx_segment_ptl, exp_type, consigner_region.","/* =============================================================================
   PTL CONSIGNOR REQUIREMENT — STANDING METRIC
   =============================================================================
   Owner        : PTL Demand POD
   Purpose      : Replace ""price checks"" (raw rows in fact_ptl_browsing) with
                  ""requirements"" — one row per distinct shipment intent.
   Last updated : 27 Aug 2026

   WHY THIS EXISTS
   ---------------
   fact_ptl_browsing is at RATE-API-CALL grain, not user-action grain. A new
   browsing_id is minted on every rate call, including the silent re-quotes
   
   fired when a consignor edits anything while sitting on the transporter
   listing page. Counting rows overstates consignor demand ~4x.

   DEFINITION (locked 27 Aug 2026)
   -------------------------------
   1. BURST      A consignor's chain of rate calls; a gap of >= 30 minutes
                 starts a new burst. Runs across midnight — no calendar-day cut.
                 (30 min validated: 61% of same-lane post-booking activity falls
                 inside 30 min, thinning sharply after.)
   2. REQUIREMENT  One lane (pickup_pincode + drop_pincode) inside one burst.
                 Two lanes in one burst = two requirements. Same lane on a
                 different day = two requirements (two shipments).
   3. QUALIFYING  APP: at least ONE deviation from the app's hardcoded prefill,
                 across drop pincode / weight / dimensions.
                 WEB PORTAL: always qualifies — the requirement is stated by
                 the consignor to a KAM, not inferred, so prefill logic does
                 not apply.
   4. REPRESENTATIVE ROW  Within a requirement, the row that carries dimensions
                 and is latest; if no row carries dimensions, simply the latest.
                 GROUND TRUTH OVERRIDES THE HEURISTIC: a booked row is always
                 its own requirement, so the heuristic only picks a
                 representative for requirements with ZERO bookings. A lane-burst
                 containing N separately-booked price checks is N requirements
                 (a consignor can book two shipments on one lane inside 30 min).
                 Result: 100% of booked browsing_ids carry is_requirement = 1.

   SERVICE TYPE IS DELIBERATELY EXCLUDED from the deviation score. The app ships
   a WAREHOUSE_TO_WAREHOUSE default while 82% of bookings are DOOR_TO_DOOR, so
   nearly every consignor taps it. It carried 1,129 requirements (9.1%) on that
   single tap alone and predicts nothing.

   VALIDATION
   ----------
   Scored against 1,351 August bookings (ground truth = requested_weight on the
   booked browsing row). The representative-row rule recovers the booked weight
   in 95.1% of booked requirements overall. It beats a plain ""last call"" rule in
   exactly one place — APP multi-weight bursts carrying dimensions (n=459),
   80.4% -> 93.2% — and is arithmetically identical everywhere else.
   The chosen row IS the booked row for 519/578 APP and 736/781 WEB PORTAL
   booked rows.

   AUGUST 2026 BASELINE (1-26 Aug)
   -------------------------------
     APP          45,609 rate calls -> 12,343 lane-bursts -> 10,055 requirements
                  (2,331 idle lane-bursts, no requirement expressed)
     WEB PORTAL    4,964 rate calls ->  2,732 requirements (all stated)
     TOTAL        50,573 rate calls -> 12,787 requirements   ~4.0x correction

   DEMAND COMPLETENESS (checked 27 Aug 2026, 1,442 Aug demands)
   -----------------------------------------------------------
     1,384 demands carry a browsing_id; ALL of them resolve to a browsing row
     inside a flagged requirement. Nothing is lost to the deviation gate --
     no booked browsing_id ever landed in an IDLE lane-burst.
     58 demands (4.0%) carry NO browsing_id at all and are structurally
     unlinkable to any price check -- ask tech which flow bypasses the price
     check; if this share grows the metric understates demand.
     1,384 demand rows -> 1,359 distinct browsing_ids, so 25 price checks each
     produced more than one demand. REQUIREMENT -> DEMAND IS NOT 1:1.

   JOIN RULE
   ---------
   Attribute demands to requirements via requirement_key, NOT by joining on the
   flagged browsing_id. 7.7% of booked rows are edit-trail rows within their
   requirement; a join on the flagged row silently drops them.

   KNOWN LIMITATIONS
   -----------------
   a) PICKUP IS NOT SCORED. Its prefill is per-consignor (stored city), so
      touched vs untouched is undetectable without the v1_compare event payload.
      The gate is conservative by that much.
   b) DIMENSIONS FLAG IS COARSE. fact_ptl_browsing.length is only the FIRST
      material line. The real payload is the materiallist JSON array. Also uom
      mixes CM and INCH — a mix-up changes volumetric weight ~16x.
   c) NOT YET VALIDATED FOR NON-BOOKERS. 71% of APP requirements never supply
      dimensions and convert at 0.34%; the validation set contains almost no
      such cases, so weight attribution there is inference, not measurement.
   d) BLOCKED SOURCES (as of 27 Aug 2026, permission denied):
        analytics.consigner_app_events_current_v2
        analytics.consigner_app_events_current
        de_analytics.*            (event tables — engagement + prefill payload)
        trucking.dpdvib_check_price_data   (the rate actually displayed)
      Restoring (a) closes the pickup gap and validates (c); restoring the
      rate table answers ""did he leave because the price was bad"".
   e) DEDUPE BOOKINGS BEFORE JOINING. Some browsing_ids appear on more than one
      row of fact_ptl_bookings; a naive join inflates the browsing row count.
      The bkd CTE below handles this — do not remove it.

   ============================================================================= */


/* -----------------------------------------------------------------------------
   1. ROW-LEVEL LABELLED VIEW
   Every rate call keeps its place. Nothing is deleted — the non-representative
   rows are the EDIT TRAIL and are the only record of what the consignor changed
   and in what order. Never count them as price checks; never throw them away.
   Deploy as a view, or materialise incrementally on browsing_time.

   ;


/* -----------------------------------------------------------------------------
   2. STANDING METRIC ROLLUP
   Wrap the view above as vw_ptl_requirement_labelled, then:

   SELECT DATE_TRUNC('week', browsing_time)              AS wk,
          source,
          COUNT(*)                                        AS rate_calls,
          SUM(is_requirement)                             AS requirements,
          SUM(CASE WHEN is_requirement = 1 AND deviation_score = 1 THEN 1 ELSE 0 END) AS req_1_change,
          SUM(CASE WHEN is_requirement = 1 AND deviation_score = 2 THEN 1 ELSE 0 END) AS req_2_change,
          SUM(CASE WHEN is_requirement = 1 AND deviation_score = 3 THEN 1 ELSE 0 END) AS req_3_change,
          SUM(CASE WHEN is_requirement = 1 AND req_has_dimensions = 1 THEN 1 ELSE 0 END) AS req_with_dimensions,
          SUM(CASE WHEN requirement_type = 'IDLE_NO_REQUIREMENT'
                    AND is_representative_row = 1 THEN 1 ELSE 0 END) AS idle_lane_bursts,
          SUM(is_booked)                                  AS booked
   FROM   mp_analytics_core.vw_ptl_requirement_labelled
   GROUP  BY 1, 2 ORDER BY 1, 2;

   REPORT REQUIREMENTS SPLIT BY DEVIATION DEPTH, NOT AS A SINGLE NUMBER.
   Depth is an OUTCOME, not a quality gate — a consignor who changed only the
   drop and left is a requirement we LOST, not a weak requirement. But a single
   headline number is dominated by shallow requirements that never convert
   (drop-only: 3,882 requirements, 0 bookings), so if the widget gets more
   1-click the number rises while trips do not. The depth mix is the guardrail.

   Aug 2026 conversion by dimensions, APP requirements:
       dimensions supplied  2,907 req -> 511 booked  17.6%
       no dimensions        7,105 req ->  24 booked   0.34%       52x gap
   PTL prices on volumetric weight, so a quote computed without dimensions
   cannot be honoured — 71% of requirements are shown a price that is not real.

   METABASE NOTE
   -------------
   Do NOT leave a trailing semicolon or a trailing comment block after
   ""FROM lab"". Metabase wraps a native query as
   SELECT ... FROM (<your sql>) AS source when you use Explore results or add a
   filter, and a ';' inside those parentheses is a syntax error.
   To count requirements: filter is_requirement = 1, then Count of rows.
   ----------------------------------------------------------------------------- */
   -------------------------------------------------------------------------- */

-- CREATE OR REPLACE VIEW mp_analytics_core.vw_ptl_requirement_labelled AS
WITH bkd AS (
    SELECT DISTINCT CAST(browsing_id AS bigint) AS bid
    FROM   mp_analytics_core.fact_ptl_bookings
    WHERE  browsing_id IS NOT NULL AND browsing_id <> ''
),
base AS (
    SELECT br.browsing_id,
           br.consigner_user_code,
           br.browsing_time,
           br.source,
           br.pickup_pincode,
           br.drop_pincode,
           br.requested_weight,
           br.service_type,
           br.materiallist,
           br.uom,
           -- dimensions present on this call (coarse: first material line only)
           CASE WHEN br.length IS NULL
                  OR br.length IN ('','0','0.0','null','NULL')
                THEN 0 ELSE 1 END                                   AS has_dim,
           -- deviation flags vs the app's hardcoded prefill constants
           CASE WHEN br.drop_pincode <> '560001'          THEN 1 ELSE 0 END AS f_drop,
           CASE WHEN COALESCE(br.requested_weight,-1) <> 200 THEN 1 ELSE 0 END AS f_wt,
           CASE WHEN bkd.bid IS NULL THEN 0 ELSE 1 END              AS is_booked
    FROM   mp_analytics_core.fact_ptl_browsing br
    LEFT   JOIN bkd ON bkd.bid = br.browsing_id
    WHERE  br.browsing_time >= DATE '2026-01-01'      -- <<< date window
),
brk AS (   -- 30-minute inactivity gap opens a new burst
    SELECT base.*,
           CASE WHEN DATEDIFF(minute,
                      LAG(browsing_time) OVER (PARTITION BY consigner_user_code, source
                                               ORDER BY browsing_time, browsing_id),
                      browsing_time) < 30
                THEN 0 ELSE 1 END AS nb
    FROM   base
),
bst AS (   -- running sum turns boundary flags into a burst number
    SELECT brk.*,
           SUM(nb) OVER (PARTITION BY consigner_user_code, source
                         ORDER BY browsing_time, browsing_id
                         ROWS UNBOUNDED PRECEDING) AS burst_no
    FROM   brk
),
lab AS (
    SELECT bst.*,
           -- deviation score is STICKY across the requirement: ""did he move this
           -- field off the prefill at any point in this requirement""
             MAX(f_drop)  OVER (PARTITION BY consigner_user_code, source, burst_no, pickup_pincode, drop_pincode)
           + MAX(f_wt)    OVER (PARTITION BY consigner_user_code, source, burst_no, pickup_pincode, drop_pincode)
           + MAX(has_dim) OVER (PARTITION BY consigner_user_code, source, burst_no, pickup_pincode, drop_pincode)
             AS deviation_score,
           MAX(has_dim) OVER (PARTITION BY consigner_user_code, source, burst_no, pickup_pincode, drop_pincode)
             AS req_has_dimensions,
           COUNT(*) OVER (PARTITION BY consigner_user_code, source, burst_no, pickup_pincode, drop_pincode)
             AS calls_in_requirement,
           -- how many separately-booked price checks sit in this lane-burst
           SUM(is_booked) OVER (PARTITION BY consigner_user_code, source, burst_no, pickup_pincode, drop_pincode)
             AS booked_in_requirement,
           -- representative row: booked row wins, then dimensions, then latest
           ROW_NUMBER() OVER (PARTITION BY consigner_user_code, source, burst_no,
                                           pickup_pincode, drop_pincode
                              ORDER BY is_booked DESC, has_dim DESC,
                                       browsing_time DESC, browsing_id DESC)
             AS rep_rn
    FROM   bst
),

final as(SELECT browsing_id,
       a.consigner_user_code,
       browsing_time,
       source,
       pickup_pincode,
       drop_pincode,
       requested_weight,
       service_type,
       uom,
       materiallist,
       a.consigner_user_code || '|' || source || '|' || burst_no::varchar
         || '|' || pickup_pincode || '|' || drop_pincode        AS requirement_key,
       calls_in_requirement,
       booked_in_requirement,
       deviation_score,
       req_has_dimensions,
       CASE WHEN is_booked = 1            THEN 'BOOKED'
            WHEN source = 'WEB PORTAL'    THEN 'PORTAL_STATED'
            WHEN deviation_score >= 1     THEN 'APP_INFERRED'
            ELSE 'IDLE_NO_REQUIREMENT' END                      AS requirement_type,
       -- THE FLAG. Ground truth first: every booked row is its own requirement.
       -- The heuristic pick only applies where the lane-burst has no booking.
       CASE WHEN is_booked = 1 THEN 1
            WHEN booked_in_requirement = 0
             AND rep_rn = 1
             AND (source = 'WEB PORTAL' OR deviation_score >= 1) THEN 1
            ELSE 0 END                                          AS is_requirement,
       CASE WHEN rep_rn = 1 THEN 1 ELSE 0 END                   AS is_representative_row,
       is_booked
FROM   lab as a
LEFT JOIN (
Select 
consigner_user_code,
min(case when ptl_trip_rank = 1 then demand_time else null end) as first_trip_time, 
min(case when ptl_trip_rank = 3 then demand_time else null end) as third_trip_time
from mp_analytics_core.fact_ptl_bookings
where demand_status = 'FULFILLED'
group by 1
) as b on b.consigner_user_code = a.consigner_user_code
LEFT JOIN (
SELECT user_code,
  max(case when flow_type_config_id = 17 then 1 else 0 end) as test1,
  max(case when flow_type_config_id = 18 then 1 else 0 end) as control1,
  max(case when flow_type_config_id = 36 then 1 else 0 end) as control2,
  max(case when flow_type_config_id = 37 then 1 else 0 end) as test2
FROM mp_analytics_core.fact_experiment_user_allocation
where flow_type_config_id in (17,18,36,37)
GROUP BY 1
) as c on c.user_code = a.consigner_user_code
LEFT JOIN (
SELECT consigner_user_code, max(consigner_region) as consigner_region
FROM mp_analytics_core.fact_lead_state
GROUP BY 1
) as r on r.consigner_user_code = a.consigner_user_code
where 
  browsing_time::date >= case 
    when {{Interval}} = 'Day' then current_date - interval '14 days'
    when {{Interval}} = 'Week' then current_date - interval '14 weeks'
    when {{Interval}} = 'Month' then current_date - interval '12 months'
    else current_date - interval '14 days' 
  end
[[and (case 
	when browsing_time<=first_trip_time 
	or first_trip_time is null then 'New'
	when browsing_time<=third_trip_time  then '1-3'
	when browsing_time>third_trip_time then '3+' else null end)
in ({{cx_segment_ptl}})
]]
[[and (
 (case when c.test1 = 1 then 'Test1' else 'NA' end) in ({{exp_type}})
 or (case when c.control1 = 1 then 'Control1' else 'NA' end) in ({{exp_type}})
 or (case when c.control2 = 1 then 'Control2' else 'NA' end) in ({{exp_type}})
 or (case when c.test2 = 1 then 'Test2' else 'NA' end) in ({{exp_type}})
 or (case when coalesce(c.test1,0)+coalesce(c.control1,0)+coalesce(c.control2,0)+coalesce(c.test2,0) = 0 then 'Other' else 'NA' end) in ({{exp_type}})
)]]
[[and r.consigner_region in ({{consigner_region}})
]]

)

select 
date_trunc({{Interval}}, browsing_time) as interval,
sum(is_requirement) as ""# Price Search""

from final

group by 1
Order by 1 desc",True,Aniket
PTL Overview,# Price Search Cx,"Aliases: # Price Search Customers; Price-Checking Cx.

Distinct consigners who did at least one PTL price search in the interval. Customer-level counterpart of # Price Search (which is requirement-level).

Note: this card counts distinct consigner_user_code on RAW fact_ptl_browsing rows — it does NOT apply the requirement/burst de-dup logic. De-dup is irrelevant at Cx grain (a customer is counted once regardless of how many re-quotes fired).

Cx segment here is derived from browsing_time vs the consigner's 1st and 3rd FULFILLED PTL trip time: New (before 1st trip or never tripped), 1-3, 3+.
Filters: Interval, cx_segment_ptl, exp_type, consigner_region.","Select 
  date_trunc({{Interval}}, browsing_time) as interval,
  count(distinct a.consigner_user_code) as ""# Price Search Cx""
from mp_analytics_core.fact_ptl_browsing as a
LEFT JOIN (
Select 
consigner_user_code,
min(case when ptl_trip_rank = 1 then demand_time else null end) as first_trip_time, 
min(case when ptl_trip_rank = 3 then demand_time else null end) as third_trip_time
from mp_analytics_core.fact_ptl_bookings
where demand_status = 'FULFILLED'

group by 1
) as b on b.consigner_user_code = a.consigner_user_code
LEFT JOIN (
SELECT user_code,
  max(case when flow_type_config_id = 17 then 1 else 0 end) as test1,
  max(case when flow_type_config_id = 18 then 1 else 0 end) as control1,
  max(case when flow_type_config_id = 36 then 1 else 0 end) as control2,
  max(case when flow_type_config_id = 37 then 1 else 0 end) as test2
FROM mp_analytics_core.fact_experiment_user_allocation
where flow_type_config_id in (17,18,36,37)
GROUP BY 1
) as c on c.user_code = a.consigner_user_code
LEFT JOIN (
SELECT consigner_user_code, max(consigner_region) as consigner_region
FROM mp_analytics_core.fact_lead_state
GROUP BY 1
) as r on r.consigner_user_code = a.consigner_user_code

where 1=1 and
browsing_time::date >= case 
    when {{Interval}} = 'Day' then current_date - interval '14 days'
    when {{Interval}} = 'Week' then current_date - interval '14 weeks'
    when {{Interval}} = 'Month' then current_date - interval '12 months'
    else current_date - interval '14 days' 
  end
[[and (case 
	when browsing_time<=first_trip_time 
	or first_trip_time is null then 'New'
	when browsing_time<=third_trip_time  then '1-3'
	when browsing_time>third_trip_time then '3+' else null end)
in ({{cx_segment_ptl}})
]]
[[and (
 (case when c.test1 = 1 then 'Test1' else 'NA' end) in ({{exp_type}})
 or (case when c.control1 = 1 then 'Control1' else 'NA' end) in ({{exp_type}})
 or (case when c.control2 = 1 then 'Control2' else 'NA' end) in ({{exp_type}})
 or (case when c.test2 = 1 then 'Test2' else 'NA' end) in ({{exp_type}})
 or (case when coalesce(c.test1,0)+coalesce(c.control1,0)+coalesce(c.control2,0)+coalesce(c.test2,0) = 0 then 'Other' else 'NA' end) in ({{exp_type}})
)]]
[[and r.consigner_region in ({{consigner_region}})
]]
group by 1
Order by 1 desc",True,Aniket
PTL Overview,# Bookings,"Aliases: # Placements; # PTL Bookings.

Count of distinct demand_ids booked (placed) on PTL in the interval — i.e. placement_flag = 1 on fact_ptl_bookings.

Dated on demand_time. Cx segment derived from ptl_trip_rank (<=1 = 'New', <=3 = '1-3', else '3+').
Filters: Interval, cx_segment_ptl, exp_type, consigner_region, Source (PTL WEB / APP WEB / APP), platform (Android/Ios/Other), app version.","Select 
  date_trunc({{Interval}}, demand_time) as interval,
  count(distinct demand_id)
  		
  as ""# Booking""
from mp_analytics_core.fact_ptl_bookings as a
LEFT JOIN (
SELECT user_code,
  max(case when flow_type_config_id = 17 then 1 else 0 end) as test1,
  max(case when flow_type_config_id = 18 then 1 else 0 end) as control1,
  max(case when flow_type_config_id = 36 then 1 else 0 end) as control2,
  max(case when flow_type_config_id = 37 then 1 else 0 end) as test2
FROM mp_analytics_core.fact_experiment_user_allocation
where flow_type_config_id in (17,18,36,37)
GROUP BY 1

) as c on c.user_code = a.consigner_user_code
LEFT JOIN (
SELECT consigner_user_code, max(consigner_region) as consigner_region
FROM mp_analytics_core.fact_lead_state
GROUP BY 1
) as r on r.consigner_user_code = a.consigner_user_code

where 
  demand_time::date >= case 
    when {{Interval}} = 'Day' then current_date - interval '14 days'
    when {{Interval}} = 'Week' then current_date - interval '14 weeks'
    when {{Interval}} = 'Month' then current_date - interval '12 months'
    else current_date - interval '14 days' 
  end
[[
and (case when ptl_trip_rank<=1 then 'New'
	when ptl_trip_rank<=3 then '1-3' else '3+' end)
in ({{cx_segment_ptl}})
]]
and placement_flag = 1
[[and (
 (case when c.test1 = 1 then 'Test1' else 'NA' end) in ({{exp_type}})
 or (case when c.control1 = 1 then 'Control1' else 'NA' end) in ({{exp_type}})
 or (case when c.control2 = 1 then 'Control2' else 'NA' end) in ({{exp_type}})
 or (case when c.test2 = 1 then 'Test2' else 'NA' end) in ({{exp_type}})
 or (case when coalesce(c.test1,0)+coalesce(c.control1,0)+coalesce(c.control2,0)+coalesce(c.test2,0) = 0 then 'Other' else 'NA' end) in ({{exp_type}})
)]]
[[and r.consigner_region in ({{consigner_region}})
]]
[[and (case when source = 'WEB PORTAL' then 'PTL WEB'
when app_platform = 'CONSIGNER_WEB' then 'APP WEB'
when source ilike 'APP%' then 'APP' 
when source IS NULL AND app_platform in ('CONSIGNER_APP','IOS_CONSIGNER_APP') then 'APP' 
when source is not null then source
else 'NA' end) in ({{Source}})]]
[[and (Case when app_platform = 'CONSIGNER_APP' then 'Android'
when app_platform = 'IOS_CONSIGNER_APP' then 'Ios' else 'Other' end) in ({{platform}})]]
[[and app_version >= {{version}}]]

group by 1
Order by 1 desc",True,Aniket
PTL Overview,# Booking Cx,"Aliases: # Booking Customers.

Distinct consigners with at least one PTL booking (placement_flag = 1) in the interval. Customer-level counterpart of # Bookings.

Same base table, date field and filter set as # Bookings; only the aggregation changes (count distinct consigner_user_code instead of demand_id).","Select 
  date_trunc({{Interval}}, demand_time) as interval,
  count(distinct a.consigner_user_code) as ""# Booking Cx""
from mp_analytics_core.fact_ptl_bookings as a
LEFT JOIN (
SELECT user_code,
  max(case when flow_type_config_id = 17 then 1 else 0 end) as test1,
  max(case when flow_type_config_id = 18 then 1 else 0 end) as control1,
  max(case when flow_type_config_id = 36 then 1 else 0 end) as control2,
  max(case when flow_type_config_id = 37 then 1 else 0 end) as test2
  
FROM mp_analytics_core.fact_experiment_user_allocation
where flow_type_config_id in (17,18,36,37)
GROUP BY 1
) as c on c.user_code = a.consigner_user_code
LEFT JOIN (
SELECT consigner_user_code, max(consigner_region) as consigner_region
FROM mp_analytics_core.fact_lead_state
GROUP BY 1
) as r on r.consigner_user_code = a.consigner_user_code
where 
  demand_time::date >= case 
    when {{Interval}} = 'Day' then current_date - interval '14 days'
    when {{Interval}} = 'Week' then current_date - interval '14 weeks'
    when {{Interval}} = 'Month' then current_date - interval '12 months'
    else current_date - interval '14 days' 
  end
[[
and (case when ptl_trip_rank<=1 then 'New'
	when ptl_trip_rank<=3 then '1-3' else '3+' end)
in ({{cx_segment_ptl}})
]]
and placement_flag = 1
[[and (
 (case when c.test1 = 1 then 'Test1' else 'NA' end) in ({{exp_type}})
 or (case when c.control1 = 1 then 'Control1' else 'NA' end) in ({{exp_type}})
 or (case when c.control2 = 1 then 'Control2' else 'NA' end) in ({{exp_type}})
 or (case when c.test2 = 1 then 'Test2' else 'NA' end) in ({{exp_type}})
 or (case when coalesce(c.test1,0)+coalesce(c.control1,0)+coalesce(c.control2,0)+coalesce(c.test2,0) = 0 then 'Other' else 'NA' end) in ({{exp_type}})
)]]
[[and r.consigner_region in ({{consigner_region}})
]]
[[and (case when source = 'WEB PORTAL' then 'PTL WEB'
when app_platform = 'CONSIGNER_WEB' then 'APP WEB'
when source ilike 'APP%' then 'APP' 
when source IS NULL AND app_platform in ('CONSIGNER_APP','IOS_CONSIGNER_APP') then 'APP' 
when source is not null then source
else 'NA' end) in ({{Source}})]]
[[and (Case when app_platform = 'CONSIGNER_APP' then 'Android'
when app_platform = 'IOS_CONSIGNER_APP' then 'Ios' else 'Other' end) in ({{platform}})]]
[[and app_version >= {{version}}]]
group by 1
Order by 1 desc",True,Aniket
PTL Overview,# Trips,"Aliases: # Fulfilled PTL Trips.

Count of PTL bookings that converted into trips — sum(trip_flag) on fact_ptl_bookings, dated on demand_time (demand-date attribution, not trip-date).

Note the card sums trip_flag rather than counting distinct demand_id; equivalent as long as trip_flag is 0/1 at demand grain.
Filters: Interval, cx_segment_ptl, exp_type, consigner_region, Source, platform, app version.","Select 
  date_trunc({{Interval}}, demand_time) as interval,
  sum(trip_flag)
  	
  as ""# Trips""
from mp_analytics_core.fact_ptl_bookings as a
LEFT JOIN (
SELECT user_code,
  max(case when flow_type_config_id = 17 then 1 else 0 end) as test1,
  max(case when flow_type_config_id = 18 then 1 else 0 end) as control1,
  max(case when flow_type_config_id = 36 then 1 else 0 end) as control2,
  max(case when flow_type_config_id = 37 then 1 else 0 end) as test2
FROM mp_analytics_core.fact_experiment_user_allocation

where flow_type_config_id in (17,18,36,37)
GROUP BY 1
) as c on c.user_code = a.consigner_user_code
LEFT JOIN (
SELECT consigner_user_code, max(consigner_region) as consigner_region
FROM mp_analytics_core.fact_lead_state
GROUP BY 1
) as r on r.consigner_user_code = a.consigner_user_code

where 
  demand_time::date >= case 
    when {{Interval}} = 'Day' then current_date - interval '14 days'
    when {{Interval}} = 'Week' then current_date - interval '14 weeks'
    when {{Interval}} = 'Month' then current_date - interval '12 months'
    else current_date - interval '14 days' 
  end
[[
and (case when ptl_trip_rank<=1 then 'New'
	when ptl_trip_rank<=3 then '1-3' else '3+' end)
in ({{cx_segment_ptl}})
]]
and trip_flag = 1
[[and (
 (case when c.test1 = 1 then 'Test1' else 'NA' end) in ({{exp_type}})
 or (case when c.control1 = 1 then 'Control1' else 'NA' end) in ({{exp_type}})
 or (case when c.control2 = 1 then 'Control2' else 'NA' end) in ({{exp_type}})
 or (case when c.test2 = 1 then 'Test2' else 'NA' end) in ({{exp_type}})
 or (case when coalesce(c.test1,0)+coalesce(c.control1,0)+coalesce(c.control2,0)+coalesce(c.test2,0) = 0 then 'Other' else 'NA' end) in ({{exp_type}})
)]]
[[and r.consigner_region in ({{consigner_region}})
]]
[[and (case when source = 'WEB PORTAL' then 'PTL WEB'
when app_platform = 'CONSIGNER_WEB' then 'APP WEB'
when source ilike 'APP%' then 'APP' 
when source IS NULL AND app_platform in ('CONSIGNER_APP','IOS_CONSIGNER_APP') then 'APP' 
when source is not null then source
else 'NA' end) in ({{Source}})]]
[[and (Case when app_platform = 'CONSIGNER_APP' then 'Android'
when app_platform = 'IOS_CONSIGNER_APP' then 'Ios' else 'Other' end) in ({{platform}})]]
[[and app_version >= {{version}}]]

group by 1
Order by 1 desc",True,Aniket
PTL Overview,# Trip Cx,"Aliases: # Trip Customers.

Distinct consigners with at least one PTL trip (trip_flag = 1) in the interval. Customer-level counterpart of # Trips.

Known quirk: the card's output column is labelled ""# Booking Cx"" in SQL — it is a copy-paste label, the filter is trip_flag = 1 so the number is trip customers.","Select 
  date_trunc({{Interval}}, demand_time) as interval,
  count(distinct a.consigner_user_code) as ""# Booking Cx""
from mp_analytics_core.fact_ptl_bookings as a
LEFT JOIN (
SELECT user_code,
  max(case when flow_type_config_id = 17 then 1 else 0 end) as test1,
  max(case when flow_type_config_id = 18 then 1 else 0 end) as control1,
  max(case when flow_type_config_id = 36 then 1 else 0 end) as control2,
  max(case when flow_type_config_id = 37 then 1 else 0 end) as test2
FROM mp_analytics_core.fact_experiment_user_allocation
where flow_type_config_id in (17,18,36,37)
GROUP BY 1
) as c on c.user_code = a.consigner_user_code
LEFT JOIN (
SELECT consigner_user_code, max(consigner_region) as consigner_region
FROM mp_analytics_core.fact_lead_state
GROUP BY 1

) as r on r.consigner_user_code = a.consigner_user_code
where 
  demand_time::date >= case 
    when {{Interval}} = 'Day' then current_date - interval '14 days'
    when {{Interval}} = 'Week' then current_date - interval '14 weeks'
    when {{Interval}} = 'Month' then current_date - interval '12 months'
    else current_date - interval '14 days' 
  end

[[
and (case when ptl_trip_rank<=1 then 'New'
	when ptl_trip_rank<=3 then '1-3' else '3+' end)
in ({{cx_segment_ptl}})
]]
and trip_flag = 1
[[and (
 (case when c.test1 = 1 then 'Test1' else 'NA' end) in ({{exp_type}})
 or (case when c.control1 = 1 then 'Control1' else 'NA' end) in ({{exp_type}})
 or (case when c.control2 = 1 then 'Control2' else 'NA' end) in ({{exp_type}})
 or (case when c.test2 = 1 then 'Test2' else 'NA' end) in ({{exp_type}})
 or (case when coalesce(c.test1,0)+coalesce(c.control1,0)+coalesce(c.control2,0)+coalesce(c.test2,0) = 0 then 'Other' else 'NA' end) in ({{exp_type}})
)]]
[[and r.consigner_region in ({{consigner_region}})
]]
[[and (case when source = 'WEB PORTAL' then 'PTL WEB'
when app_platform = 'CONSIGNER_WEB' then 'APP WEB'
when source ilike 'APP%' then 'APP' 
when source IS NULL AND app_platform in ('CONSIGNER_APP','IOS_CONSIGNER_APP') then 'APP' 
when source is not null then source
else 'NA' end) in ({{Source}})]]
[[and (Case when app_platform = 'CONSIGNER_APP' then 'Android'
when app_platform = 'IOS_CONSIGNER_APP' then 'Ios' else 'Other' end) in ({{platform}})]]
[[and app_version >= {{version}}]]

group by 1
Order by 1 desc",True,Aniket
PTL Overview,% Price Search to Booking,"Aliases: Requirement -> Booking %; Search-to-Book Conversion.

% of PTL requirements that converted into a booking. Numerator = requirements with a linked demand; denominator = all qualifying requirements (is_requirement = 1).

Uses the SAME requirement definition as # Price Search (30-min burst + lane + prefill-deviation gate, representative row, booked rows always their own requirement) — see # Price Search for the full locked definition.

Join rule: demands are attributed back to the browsing row / requirement that produced them. Caveat: 4.0% of demands carry no browsing_id and cannot be linked, and 25 of 1,384 Aug demands came from a single price check, so Requirement -> Demand is not strictly 1:1.

Definition locked 27 Aug 2026. Owner: PTL Demand POD.
Filters: Interval, cx_segment_ptl, exp_type, consigner_region.","/* =============================================================================
   PTL CONSIGNOR REQUIREMENT — STANDING METRIC
   =============================================================================
   Owner        : PTL Demand POD
   Purpose      : Replace ""price checks"" (raw rows in fact_ptl_browsing) with
                  ""requirements"" — one row per distinct shipment intent.
   Last updated : 27 Aug 2026

   WHY THIS EXISTS
   
   ---------------
   fact_ptl_browsing is at RATE-API-CALL grain, not user-action grain. A new
   browsing_id is minted on every rate call, including the silent re-quotes
   fired when a consignor edits anything while sitting on the transporter
   listing page. Counting rows overstates consignor demand ~4x.

   DEFINITION (locked 27 Aug 2026)
   -------------------------------
   1. BURST      A consignor's chain of rate calls; a gap of >= 30 minutes
                 starts a new burst. Runs across midnight — no calendar-day cut.
                 (30 min validated: 61% of same-lane post-booking activity falls
                 inside 30 min, thinning sharply after.)
   2. REQUIREMENT  One lane (pickup_pincode + drop_pincode) inside one burst.
                 Two lanes in one burst = two requirements. Same lane on a
                 different day = two requirements (two shipments).
   3. QUALIFYING  APP: at least ONE deviation from the app's hardcoded prefill,
                 across drop pincode / weight / dimensions.
                 WEB PORTAL: always qualifies — the requirement is stated by
                 the consignor to a KAM, not inferred, so prefill logic does
                 not apply.
   4. REPRESENTATIVE ROW  Within a requirement, the row that carries dimensions
                 and is latest; if no row carries dimensions, simply the latest.
                 GROUND TRUTH OVERRIDES THE HEURISTIC: a booked row is always
                 its own requirement, so the heuristic only picks a
                 representative for requirements with ZERO bookings. A lane-burst
                 containing N separately-booked price checks is N requirements
                 (a consignor can book two shipments on one lane inside 30 min).
                 Result: 100% of booked browsing_ids carry is_requirement = 1.

   SERVICE TYPE IS DELIBERATELY EXCLUDED from the deviation score. The app ships
   a WAREHOUSE_TO_WAREHOUSE default while 82% of bookings are DOOR_TO_DOOR, so
   nearly every consignor taps it. It carried 1,129 requirements (9.1%) on that
   single tap alone and predicts nothing.

   VALIDATION
   ----------
   Scored against 1,351 August bookings (ground truth = requested_weight on the
   booked browsing row). The representative-row rule recovers the booked weight
   in 95.1% of booked requirements overall. It beats a plain ""last call"" rule in
   exactly one place — APP multi-weight bursts carrying dimensions (n=459),
   80.4% -> 93.2% — and is arithmetically identical everywhere else.
   The chosen row IS the booked row for 519/578 APP and 736/781 WEB PORTAL
   booked rows.

   AUGUST 2026 BASELINE (1-26 Aug)
   -------------------------------
     APP          45,609 rate calls -> 12,343 lane-bursts -> 10,055 requirements
                  (2,331 idle lane-bursts, no requirement expressed)
     WEB PORTAL    4,964 rate calls ->  2,732 requirements (all stated)
     TOTAL        50,573 rate calls -> 12,787 requirements   ~4.0x correction

   DEMAND COMPLETENESS (checked 27 Aug 2026, 1,442 Aug demands)
   -----------------------------------------------------------
     1,384 demands carry a browsing_id; ALL of them resolve to a browsing row
     inside a flagged requirement. Nothing is lost to the deviation gate --
     no booked browsing_id ever landed in an IDLE lane-burst.
     58 demands (4.0%) carry NO browsing_id at all and are structurally
     unlinkable to any price check -- ask tech which flow bypasses the price
     check; if this share grows the metric understates demand.
     1,384 demand rows -> 1,359 distinct browsing_ids, so 25 price checks each
     produced more than one demand. REQUIREMENT -> DEMAND IS NOT 1:1.

   JOIN RULE
   ---------
   Attribute demands to requirements via requirement_key, NOT by joining on the
   flagged browsing_id. 7.7% of booked rows are edit-trail rows within their
   requirement; a join on the flagged row silently drops them.

   KNOWN LIMITATIONS
   -----------------
   a) PICKUP IS NOT SCORED. Its prefill is per-consignor (stored city), so
      touched vs untouched is undetectable without the v1_compare event payload.
      The gate is conservative by that much.
   b) DIMENSIONS FLAG IS COARSE. fact_ptl_browsing.length is only the FIRST
      material line. The real payload is the materiallist JSON array. Also uom
      mixes CM and INCH — a mix-up changes volumetric weight ~16x.
   c) NOT YET VALIDATED FOR NON-BOOKERS. 71% of APP requirements never supply
      dimensions and convert at 0.34%; the validation set contains almost no
      such cases, so weight attribution there is inference, not measurement.
   d) BLOCKED SOURCES (as of 27 Aug 2026, permission denied):
        analytics.consigner_app_events_current_v2
        analytics.consigner_app_events_current
        de_analytics.*            (event tables — engagement + prefill payload)
        trucking.dpdvib_check_price_data   (the rate actually displayed)
      Restoring (a) closes the pickup gap and validates (c); restoring the
      rate table answers ""did he leave because the price was bad"".
   e) DEDUPE BOOKINGS BEFORE JOINING. Some browsing_ids appear on more than one
      row of fact_ptl_bookings; a naive join inflates the browsing row count.
      The bkd CTE below handles this — do not remove it.

   ============================================================================= */


/* -----------------------------------------------------------------------------
   1. ROW-LEVEL LABELLED VIEW
   Every rate call keeps its place. Nothing is deleted — the non-representative
   rows are the EDIT TRAIL and are the only record of what the consignor changed
   and in what order. Never count them as price checks; never throw them away.
   Deploy as a view, or materialise incrementally on browsing_time.

   ;


/* -----------------------------------------------------------------------------
   2. STANDING METRIC ROLLUP
   Wrap the view above as vw_ptl_requirement_labelled, then:

   SELECT DATE_TRUNC('week', browsing_time)              AS wk,
          source,
          COUNT(*)                                        AS rate_calls,
          SUM(is_requirement)                             AS requirements,
          SUM(CASE WHEN is_requirement = 1 AND deviation_score = 1 THEN 1 ELSE 0 END) AS req_1_change,
          SUM(CASE WHEN is_requirement = 1 AND deviation_score = 2 THEN 1 ELSE 0 END) AS req_2_change,
          SUM(CASE WHEN is_requirement = 1 AND deviation_score = 3 THEN 1 ELSE 0 END) AS req_3_change,
          SUM(CASE WHEN is_requirement = 1 AND req_has_dimensions = 1 THEN 1 ELSE 0 END) AS req_with_dimensions,
          SUM(CASE WHEN requirement_type = 'IDLE_NO_REQUIREMENT'
                    AND is_representative_row = 1 THEN 1 ELSE 0 END) AS idle_lane_bursts,
          SUM(is_booked)                                  AS booked
   FROM   mp_analytics_core.vw_ptl_requirement_labelled
   GROUP  BY 1, 2 ORDER BY 1, 2;

   REPORT REQUIREMENTS SPLIT BY DEVIATION DEPTH, NOT AS A SINGLE NUMBER.
   Depth is an OUTCOME, not a quality gate — a consignor who changed only the
   drop and left is a requirement we LOST, not a weak requirement. But a single
   headline number is dominated by shallow requirements that never convert
   (drop-only: 3,882 requirements, 0 bookings), so if the widget gets more
   1-click the number rises while trips do not. The depth mix is the guardrail.

   Aug 2026 conversion by dimensions, APP requirements:
       dimensions supplied  2,907 req -> 511 booked  17.6%
       no dimensions        7,105 req ->  24 booked   0.34%       52x gap
   PTL prices on volumetric weight, so a quote computed without dimensions
   cannot be honoured — 71% of requirements are shown a price that is not real.

   METABASE NOTE
   -------------
   Do NOT leave a trailing semicolon or a trailing comment block after
   ""FROM lab"". Metabase wraps a native query as
   SELECT ... FROM (<your sql>) AS source when you use Explore results or add a
   filter, and a ';' inside those parentheses is a syntax error.
   To count requirements: filter is_requirement = 1, then Count of rows.
   ----------------------------------------------------------------------------- */
   -------------------------------------------------------------------------- */

-- CREATE OR REPLACE VIEW mp_analytics_core.vw_ptl_requirement_labelled AS
WITH bkd AS (
    SELECT DISTINCT CAST(browsing_id AS bigint) AS bid
    FROM   mp_analytics_core.fact_ptl_bookings
    WHERE  browsing_id IS NOT NULL AND browsing_id <> ''
	and placement_flag = 1
),
base AS (
    SELECT br.browsing_id,
           br.consigner_user_code,
           br.browsing_time,
           br.source,
           br.pickup_pincode,
           br.drop_pincode,
           br.requested_weight,
           br.service_type,
           br.materiallist,
           br.uom,
           -- dimensions present on this call (coarse: first material line only)
           CASE WHEN br.length IS NULL
                  OR br.length IN ('','0','0.0','null','NULL')
                THEN 0 ELSE 1 END                                   AS has_dim,
           -- deviation flags vs the app's hardcoded prefill constants
           CASE WHEN br.drop_pincode <> '560001'          THEN 1 ELSE 0 END AS f_drop,
           CASE WHEN COALESCE(br.requested_weight,-1) <> 200 THEN 1 ELSE 0 END AS f_wt,
           CASE WHEN bkd.bid IS NULL THEN 0 ELSE 1 END              AS is_booked
    FROM   mp_analytics_core.fact_ptl_browsing br
    LEFT   JOIN bkd ON bkd.bid = br.browsing_id
    WHERE  br.browsing_time >= DATE '2026-01-01'      -- <<< date window
),
brk AS (   -- 30-minute inactivity gap opens a new burst
    SELECT base.*,
           CASE WHEN DATEDIFF(minute,
                      LAG(browsing_time) OVER (PARTITION BY consigner_user_code, source
                                               ORDER BY browsing_time, browsing_id),
                      browsing_time) < 30
                THEN 0 ELSE 1 END AS nb
    FROM   base
),
bst AS (   -- running sum turns boundary flags into a burst number
    SELECT brk.*,
           SUM(nb) OVER (PARTITION BY consigner_user_code, source
                         ORDER BY browsing_time, browsing_id
                         ROWS UNBOUNDED PRECEDING) AS burst_no
    FROM   brk
),
lab AS (
    SELECT bst.*,
           -- deviation score is STICKY across the requirement: ""did he move this
           -- field off the prefill at any point in this requirement""
             MAX(f_drop)  OVER (PARTITION BY consigner_user_code, source, burst_no, pickup_pincode, drop_pincode)
           + MAX(f_wt)    OVER (PARTITION BY consigner_user_code, source, burst_no, pickup_pincode, drop_pincode)
           + MAX(has_dim) OVER (PARTITION BY consigner_user_code, source, burst_no, pickup_pincode, drop_pincode)
             AS deviation_score,
           MAX(has_dim) OVER (PARTITION BY consigner_user_code, source, burst_no, pickup_pincode, drop_pincode)
             AS req_has_dimensions,
           COUNT(*) OVER (PARTITION BY consigner_user_code, source, burst_no, pickup_pincode, drop_pincode)
             AS calls_in_requirement,
           -- how many separately-booked price checks sit in this lane-burst
           SUM(is_booked) OVER (PARTITION BY consigner_user_code, source, burst_no, pickup_pincode, drop_pincode)
             AS booked_in_requirement,
           -- representative row: booked row wins, then dimensions, then latest
           ROW_NUMBER() OVER (PARTITION BY consigner_user_code, source, burst_no,
                                           pickup_pincode, drop_pincode
                              ORDER BY is_booked DESC, has_dim DESC,
                                       browsing_time DESC, browsing_id DESC)
             AS rep_rn
    FROM   bst
),

final as(SELECT browsing_id,
       a.consigner_user_code,
       browsing_time,
       source,
       pickup_pincode,
       drop_pincode,
       requested_weight,
       service_type,
       uom,
       materiallist,
       a.consigner_user_code || '|' || source || '|' || burst_no::varchar
         || '|' || pickup_pincode || '|' || drop_pincode        AS requirement_key,
       calls_in_requirement,
       booked_in_requirement,
       deviation_score,
       req_has_dimensions,
       CASE WHEN is_booked = 1            THEN 'BOOKED'
            WHEN source = 'WEB PORTAL'    THEN 'PORTAL_STATED'
            WHEN deviation_score >= 1     THEN 'APP_INFERRED'
            ELSE 'IDLE_NO_REQUIREMENT' END                      AS requirement_type,
       -- THE FLAG. Ground truth first: every booked row is its own requirement.
       -- The heuristic pick only applies where the lane-burst has no booking.
       CASE WHEN is_booked = 1 THEN 1
            WHEN booked_in_requirement = 0
             AND rep_rn = 1
             AND (source = 'WEB PORTAL' OR deviation_score >= 1) THEN 1
            ELSE 0 END                                          AS is_requirement,
       CASE WHEN rep_rn = 1 THEN 1 ELSE 0 END                   AS is_representative_row,
       is_booked,c.test1,c.control1,c.control2,c.test2,first_trip_time,third_trip_time,r.consigner_region
FROM   lab as a
LEFT JOIN (
Select 
consigner_user_code,
min(case when ptl_trip_rank = 1 then demand_time else null end) as first_trip_time, 
min(case when ptl_trip_rank = 3 then demand_time else null end) as third_trip_time
from mp_analytics_core.fact_ptl_bookings
where demand_status = 'FULFILLED'
group by 1
) as b on b.consigner_user_code = a.consigner_user_code

LEFT JOIN (
SELECT user_code,
  max(case when flow_type_config_id = 17 then 1 else 0 end) as test1,
  max(case when flow_type_config_id = 18 then 1 else 0 end) as control1,
  max(case when flow_type_config_id = 36 then 1 else 0 end) as control2,
  max(case when flow_type_config_id = 37 then 1 else 0 end) as test2
FROM mp_analytics_core.fact_experiment_user_allocation
where flow_type_config_id in (17,18,36,37)
GROUP BY 1
) as c on c.user_code = a.consigner_user_code
LEFT JOIN (
SELECT consigner_user_code, max(consigner_region) as consigner_region
FROM mp_analytics_core.fact_lead_state
GROUP BY 1
) as r on r.consigner_user_code = a.consigner_user_code
)

select 
date_trunc({{Interval}}, browsing_time) as interval,
sum(is_booked)*100.0/nullif(sum(is_requirement),0) as ""% Price Search to Booking""
from final
where 
  browsing_time::date >= case 
    when {{Interval}} = 'Day' then current_date - interval '14 days'
    when {{Interval}} = 'Week' then current_date - interval '14 weeks'
    when {{Interval}} = 'Month' then current_date - interval '12 months'
    else current_date - interval '14 days' 
  end
[[and (case 
	when browsing_time<=first_trip_time 
	or first_trip_time is null then 'New'
	when browsing_time<=third_trip_time  then '1-3'
	when browsing_time>third_trip_time then '3+' else null end)
in ({{cx_segment_ptl}})
]]
[[and (
 (case when test1 = 1 then 'Test1' else 'NA' end) in ({{exp_type}})
 or (case when control1 = 1 then 'Control1' else 'NA' end) in ({{exp_type}})
 or (case when control2 = 1 then 'Control2' else 'NA' end) in ({{exp_type}})
 or (case when test2 = 1 then 'Test2' else 'NA' end) in ({{exp_type}})
 or (case when coalesce(test1,0)+coalesce(control1,0)+coalesce(control2,0)+coalesce(test2,0) = 0 then 'Other' else 'NA' end) in ({{exp_type}})
)]]
[[and consigner_region in ({{consigner_region}})
]]
group by 1
Order by 1 desc",True,Aniket
PTL Overview,% Booking to Trip,"Aliases: Placement -> Trip %; PTL Fulfilment Rate.

% of PTL bookings that became trips: sum(trip_flag) * 100 / nullif(sum(placement_flag), 0) on fact_ptl_bookings, dated on demand_time.

Cohort-consistent: numerator and denominator both sit on the same demand cohort, so it reads as fulfilment of that day's/week's bookings. Recent periods can look depressed because in-flight bookings have not yet tripped.
Filters: Interval, cx_segment_ptl, exp_type, consigner_region, Source, platform, app version.","Select 
  date_trunc({{Interval}}, demand_time) as interval,
  sum(trip_flag)
  		*100/nullif(sum(placement_flag),0)
  as ""% Booking to Trip""
from mp_analytics_core.fact_ptl_bookings as a
LEFT JOIN (
SELECT user_code,
  max(case when flow_type_config_id = 17 then 1 else 0 end) as test1,
  max(case when flow_type_config_id = 18 then 1 else 0 end) as control1,
  max(case when flow_type_config_id = 36 then 1 else 0 end) as control2,
  max(case when flow_type_config_id = 37 then 1 else 0 end) as test2
FROM mp_analytics_core.fact_experiment_user_allocation
where flow_type_config_id in (17,18,36,37)

GROUP BY 1
) as c on c.user_code = a.consigner_user_code
LEFT JOIN (
SELECT consigner_user_code, max(consigner_region) as consigner_region
FROM mp_analytics_core.fact_lead_state
GROUP BY 1
) as r on r.consigner_user_code = a.consigner_user_code
where 
  demand_time::date >= case 
    when {{Interval}} = 'Day' then current_date - interval '14 days'
    when {{Interval}} = 'Week' then current_date - interval '14 weeks'
    when {{Interval}} = 'Month' then current_date - interval '12 months'
    else current_date - interval '14 days' 
  end
[[
and (case when ptl_trip_rank<=1 then 'New'
	when ptl_trip_rank<=3 then '1-3' else '3+' end)
in ({{cx_segment_ptl}})
]]

[[and (
 (case when c.test1 = 1 then 'Test1' else 'NA' end) in ({{exp_type}})
 or (case when c.control1 = 1 then 'Control1' else 'NA' end) in ({{exp_type}})
 or (case when c.control2 = 1 then 'Control2' else 'NA' end) in ({{exp_type}})
 or (case when c.test2 = 1 then 'Test2' else 'NA' end) in ({{exp_type}})
 or (case when coalesce(c.test1,0)+coalesce(c.control1,0)+coalesce(c.control2,0)+coalesce(c.test2,0) = 0 then 'Other' else 'NA' end) in ({{exp_type}})
)]]
[[and r.consigner_region in ({{consigner_region}})
]]
[[and (case when source = 'WEB PORTAL' then 'PTL WEB'
when app_platform = 'CONSIGNER_WEB' then 'APP WEB'
when source ilike 'APP%' then 'APP' 
when source IS NULL AND app_platform in ('CONSIGNER_APP','IOS_CONSIGNER_APP') then 'APP' 
when source is not null then source
else 'NA' end) in ({{Source}})]]
[[and (Case when app_platform = 'CONSIGNER_APP' then 'Android'
when app_platform = 'IOS_CONSIGNER_APP' then 'Ios' else 'Other' end) in ({{platform}})]]
[[and app_version >= {{version}}]]
group by 1
Order by 1 desc",True,Aniket
PTL Overview,% Rating Adoption,"Aliases: Rating Coverage; % Rated Trips.

% of completed PTL trips that received a customer rating.
Numerator = distinct demand_ids present in fact_consigner_service_stats with business_type = 'PTL' and rating > 0.
Denominator = distinct demand_ids in fact_ptl_bookings with trip_end_time > 0 (i.e. trip actually ended).

Ratings of 0 are treated as ""not rated"", not as a bad rating.
Filters: Interval, cx_segment_ptl, exp_type, consigner_region, Source, platform, app version.","Select 
  date_trunc({{Interval}}, demand_time) as interval,
  count(distinct b.demand_id)
  		*100.0/nullif(count(distinct a.demand_id),0)
  as ""% Rating Adoption""
from mp_analytics_core.fact_ptl_bookings as a
left join mp_analytics_core.fact_consigner_service_stats as b on b.demand_id = a.demand_id and b.business_type = 'PTL' and b.rating > 0

LEFT JOIN (
SELECT user_code,
  max(case when flow_type_config_id = 17 then 1 else 0 end) as test1,
  max(case when flow_type_config_id = 18 then 1 else 0 end) as control1,
  max(case when flow_type_config_id = 36 then 1 else 0 end) as control2,
  max(case when flow_type_config_id = 37 then 1 else 0 end) as test2
FROM mp_analytics_core.fact_experiment_user_allocation

where flow_type_config_id in (17,18,36,37)
GROUP BY 1
) as c on c.user_code = a.consigner_user_code
LEFT JOIN (
SELECT consigner_user_code, max(consigner_region) as consigner_region
FROM mp_analytics_core.fact_lead_state
GROUP BY 1
) as r on r.consigner_user_code = a.consigner_user_code
where 
  demand_time::date >= case 
    when {{Interval}} = 'Day' then current_date - interval '14 days'
    when {{Interval}} = 'Week' then current_date - interval '14 weeks'
    when {{Interval}} = 'Month' then current_date - interval '12 months'
    else current_date - interval '14 days' 
  end
  and trip_end_time>0
[[
and (case when ptl_trip_rank<=1 then 'New'
	when ptl_trip_rank<=3 then '1-3' else '3+' end)
in ({{cx_segment_ptl}})
]]

[[and (
 (case when c.test1 = 1 then 'Test1' else 'NA' end) in ({{exp_type}})
 or (case when c.control1 = 1 then 'Control1' else 'NA' end) in ({{exp_type}})
 or (case when c.control2 = 1 then 'Control2' else 'NA' end) in ({{exp_type}})
 or (case when c.test2 = 1 then 'Test2' else 'NA' end) in ({{exp_type}})
 or (case when coalesce(c.test1,0)+coalesce(c.control1,0)+coalesce(c.control2,0)+coalesce(c.test2,0) = 0 then 'Other' else 'NA' end) in ({{exp_type}})
)]]
[[and r.consigner_region in ({{consigner_region}})
]]
[[and (case when source = 'WEB PORTAL' then 'PTL WEB'
when app_platform = 'CONSIGNER_WEB' then 'APP WEB'
when source ilike 'APP%' then 'APP' 
when source IS NULL AND app_platform in ('CONSIGNER_APP','IOS_CONSIGNER_APP') then 'APP' 
when source is not null then source
else 'NA' end) in ({{Source}})]]
[[and (Case when app_platform = 'CONSIGNER_APP' then 'Android'
when app_platform = 'IOS_CONSIGNER_APP' then 'Ios' else 'Other' end) in ({{platform}})]]
[[and app_version >= {{version}}]]
group by 1
Order by 1 desc",True,Aniket
PTL Overview,Avg Trip Rating,"Aliases: Avg Rating; Mean PTL Rating.

Average customer rating on completed PTL trips — avg(rating::float) from fact_consigner_service_stats (business_type = 'PTL', rating > 0) joined to PTL bookings with trip_end_time > 0.

Unrated trips (rating = 0 / null) are excluded from the average, so this is the mean among raters, not among all trips. Read alongside % Rating Adoption — a high average on low adoption is not representative.","Select 
  date_trunc({{Interval}}, demand_time) as interval,
 avg(rating::float) as ratings
 
from mp_analytics_core.fact_ptl_bookings as a
left join mp_analytics_core.fact_consigner_service_stats as b on b.demand_id = a.demand_id and b.business_type = 'PTL' and b.rating > 0
LEFT JOIN (
SELECT user_code,
  max(case when flow_type_config_id = 17 then 1 else 0 end) as test1,
  max(case when flow_type_config_id = 18 then 1 else 0 end) as control1,
  max(case when flow_type_config_id = 36 then 1 else 0 end) as control2,
  max(case when flow_type_config_id = 37 then 1 else 0 end) as test2
FROM mp_analytics_core.fact_experiment_user_allocation
where flow_type_config_id in (17,18,36,37)
GROUP BY 1
) as c on c.user_code = a.consigner_user_code
LEFT JOIN (
SELECT consigner_user_code, max(consigner_region) as consigner_region
FROM mp_analytics_core.fact_lead_state
GROUP BY 1

) as r on r.consigner_user_code = a.consigner_user_code

where 
  demand_time::date >= case 
    when {{Interval}} = 'Day' then current_date - interval '14 days'
    when {{Interval}} = 'Week' then current_date - interval '14 weeks'
    when {{Interval}} = 'Month' then current_date - interval '12 months'
    else current_date - interval '14 days' 
  end
   and trip_end_time>0
[[
and (case when ptl_trip_rank<=1 then 'New'
	when ptl_trip_rank<=3 then '1-3' else '3+' end)
in ({{cx_segment_ptl}})
]]

[[and (
 (case when c.test1 = 1 then 'Test1' else 'NA' end) in ({{exp_type}})
 or (case when c.control1 = 1 then 'Control1' else 'NA' end) in ({{exp_type}})
 or (case when c.control2 = 1 then 'Control2' else 'NA' end) in ({{exp_type}})
 or (case when c.test2 = 1 then 'Test2' else 'NA' end) in ({{exp_type}})
 or (case when coalesce(c.test1,0)+coalesce(c.control1,0)+coalesce(c.control2,0)+coalesce(c.test2,0) = 0 then 'Other' else 'NA' end) in ({{exp_type}})
)]]
[[and r.consigner_region in ({{consigner_region}})
]]
[[and (case when source = 'WEB PORTAL' then 'PTL WEB'
when app_platform = 'CONSIGNER_WEB' then 'APP WEB'
when source ilike 'APP%' then 'APP' 
when source IS NULL AND app_platform in ('CONSIGNER_APP','IOS_CONSIGNER_APP') then 'APP' 
when source is not null then source
else 'NA' end) in ({{Source}})]]
[[and (Case when app_platform = 'CONSIGNER_APP' then 'Android'
when app_platform = 'IOS_CONSIGNER_APP' then 'Ios' else 'Other' end) in ({{platform}})]]
[[and app_version >= {{version}}]]
group by 1
Order by 1 desc",True,Aniket
PTL Overview,% Recovery (D+7/15/30),"Aliases: PTL Recovery Curve; Collection Efficiency (D+7/15/30).

Six payment-health ratios on PTL receivables, all as % of receivable_before_settlement, from mp_analytics_core.as_trip_payments, bucketed on demand_time:
- Recovery within due date
- Recovery within D+7  (denominator restricted to days_since_due >= 7)
- Recovery within D+15 (days_since_due >= 15)
- Recovery within D+30 (days_since_due >= 30)
- Gross NPA (days_since_due >= 90)
- Net NPA  (days_since_due >= 180)

Each bucket restricts BOTH numerator and denominator to receivables that have actually aged past that threshold — so D+30 is not diluted by invoices only 5 days old.
Recovered amounts are stored negative and multiplied by -1 to present as positive %.
Filters: Interval, cx_segment_ptl, exp_type, consigner_region.","Select 
date_trunc({{Interval}},a.demand_time)::Date as month,
sum(-1*recovered_within_due_date)*100/nullif(sum(receivable_before_settlement),0) as recovery_with_due_date,
sum(case when days_since_due>=7 then -1*recovered_within_7_days else null end)*100
/nullif(sum(case when days_since_due>=7 then receivable_before_settlement else null end),0) as recovery_with_due_date7,
sum(case when days_since_due>=15 then -1*recovered_within_15_days else null end)*100
/nullif(sum(case when days_since_due>=15 then receivable_before_settlement else null end),0) as recovery_with_due_date15,
sum(case when days_since_due>=30 then -1*recovered_within_30_days else null end)*100

/nullif(sum(case when days_since_due>=30 then receivable_before_settlement else null end),0) as recovery_with_due_date30,

sum(case when days_since_due>=90 then demand_gross_npa else null end)*100
/nullif(sum(case when days_since_due>=90 then receivable_before_settlement else null end),0) as gross_npa,

sum(case when days_since_due>=180 then demand_net_npa else null end)*100
/nullif(sum(case when days_since_due>=180 then receivable_before_settlement else null end),0) as net_npa

from mp_analytics_core.as_trip_payments as a
LEFT JOIN (
SELECT user_code,
  max(case when flow_type_config_id = 17 then 1 else 0 end) as test1,
  max(case when flow_type_config_id = 18 then 1 else 0 end) as control1,
  max(case when flow_type_config_id = 36 then 1 else 0 end) as control2,
  max(case when flow_type_config_id = 37 then 1 else 0 end) as test2
FROM mp_analytics_core.fact_experiment_user_allocation
where flow_type_config_id in (17,18,36,37)
GROUP BY 1
) as c on c.user_code = a.consigner_user_code
LEFT JOIN (
SELECT consigner_user_code, max(consigner_region) as consigner_region
FROM mp_analytics_core.fact_lead_state
GROUP BY 1
) as r on r.consigner_user_code = a.consigner_user_code

LEFT JOIN mp_analytics_core.fact_ptl_bookings as pb on pb.demand_id = a.demand_id

where ptl_flag = 1
and a.demand_time::date<=current_date
and a.demand_time::date >= case 
    when {{Interval}} = 'Day' then current_date - interval '14 days'
    when {{Interval}} = 'Week' then current_date - interval '14 weeks'
    when {{Interval}} = 'Month' then current_date - interval '12 months'
    else current_date - interval '14 days' 
  end
[[
and (case when ptl_trip_rank<=1 then 'New'
	when ptl_trip_rank<=3 then '1-3' else '3+' end)
in ({{cx_segment_ptl}})
]]
[[and (
 (case when c.test1 = 1 then 'Test1' else 'NA' end) in ({{exp_type}})
 or (case when c.control1 = 1 then 'Control1' else 'NA' end) in ({{exp_type}})
 or (case when c.control2 = 1 then 'Control2' else 'NA' end) in ({{exp_type}})
 or (case when c.test2 = 1 then 'Test2' else 'NA' end) in ({{exp_type}})
 or (case when coalesce(c.test1,0)+coalesce(c.control1,0)+coalesce(c.control2,0)+coalesce(c.test2,0) = 0 then 'Other' else 'NA' end) in ({{exp_type}})
)]]
[[and r.consigner_region in ({{consigner_region}})
]]

[[and (case when source = 'WEB PORTAL' then 'PTL WEB'
when app_platform = 'CONSIGNER_WEB' then 'APP WEB'
when source ilike 'APP%' then 'APP' 
when source IS NULL AND app_platform in ('CONSIGNER_APP','IOS_CONSIGNER_APP') then 'APP' 
when source is not null then source
else 'NA' end) in ({{Source}})]]
[[and (Case when app_platform = 'CONSIGNER_APP' then 'Android'
when app_platform = 'IOS_CONSIGNER_APP' then 'Ios' else 'Other' end) in ({{platform}})]]
[[and app_version >= {{version}}]]
and placement_flag = 1
group by 1
order by 1 desc",True,Aniket
PTL Overview,Median Fare,"Aliases: P50 Fare; Fare Distribution.

Distribution of consigner_freight_fare on PTL trips — returns the 50th (median), 80th and 90th percentile via PERCENTILE_CONT WITHIN GROUP, from as_trip_payments restricted to ptl_flag = 1, bucketed on demand_time.

Median is used rather than mean because PTL fares are right-skewed (a few long-haul / heavy loads drag the average). P80 and P90 are shown alongside to expose the tail.
Filters: Interval, cx_segment_ptl, exp_type, consigner_region.","SELECT 
  date_trunc({{Interval}}, a.demand_time)::Date AS month,
  PERCENTILE_CONT(0.5) WITHIN GROUP (ORDER BY consigner_freight_fare) AS median_consigner_freight_fare,
  PERCENTILE_CONT(0.8) WITHIN GROUP (ORDER BY consigner_freight_fare) AS ""prcentile0.8_consigner_freight_fare"",
  PERCENTILE_CONT(0.9) WITHIN GROUP (ORDER BY consigner_freight_fare) AS ""prcentile0.9_consigner_freight_fare""
from mp_analytics_core.as_trip_payments as a
LEFT JOIN (
SELECT user_code,
  max(case when flow_type_config_id = 17 then 1 else 0 end) as test1,
  max(case when flow_type_config_id = 18 then 1 else 0 end) as control1,
  max(case when flow_type_config_id = 36 then 1 else 0 end) as control2,
  max(case when flow_type_config_id = 37 then 1 else 0 end) as test2
FROM mp_analytics_core.fact_experiment_user_allocation
where flow_type_config_id in (17,18,36,37)
GROUP BY 1
) as c on c.user_code = a.consigner_user_code
LEFT JOIN (
SELECT consigner_user_code, max(consigner_region) as consigner_region
FROM mp_analytics_core.fact_lead_state
GROUP BY 1
) as r on r.consigner_user_code = a.consigner_user_code

LEFT JOIN mp_analytics_core.fact_ptl_bookings as pb on pb.demand_id = a.demand_id

where ptl_flag = 1
and a.demand_time::date<=current_date
and a.demand_time::date >= case 
    when {{Interval}} = 'Day' then current_date - interval '14 days'
    when {{Interval}} = 'Week' then current_date - interval '14 weeks'
    when {{Interval}} = 'Month' then current_date - interval '12 months'
    else current_date - interval '14 days' 
  end
[[
and (case when ptl_trip_rank<=1 then 'New'
	when ptl_trip_rank<=3 then '1-3' else '3+' end)
in ({{cx_segment_ptl}})
]]
[[and (
 (case when c.test1 = 1 then 'Test1' else 'NA' end) in ({{exp_type}})
 or (case when c.control1 = 1 then 'Control1' else 'NA' end) in ({{exp_type}})
 or (case when c.control2 = 1 then 'Control2' else 'NA' end) in ({{exp_type}})
 or (case when c.test2 = 1 then 'Test2' else 'NA' end) in ({{exp_type}})
 or (case when coalesce(c.test1,0)+coalesce(c.control1,0)+coalesce(c.control2,0)+coalesce(c.test2,0) = 0 then 'Other' else 'NA' end) in ({{exp_type}})
)]]
[[and r.consigner_region in ({{consigner_region}})
]]

[[and (case when source = 'WEB PORTAL' then 'PTL WEB'
when app_platform = 'CONSIGNER_WEB' then 'APP WEB'
when source ilike 'APP%' then 'APP' 
when source IS NULL AND app_platform in ('CONSIGNER_APP','IOS_CONSIGNER_APP') then 'APP' 
when source is not null then source
else 'NA' end) in ({{Source}})]]
[[and (Case when app_platform = 'CONSIGNER_APP' then 'Android'
when app_platform = 'IOS_CONSIGNER_APP' then 'Ios' else 'Other' end) in ({{platform}})]]
[[and app_version >= {{version}}]]
group by 1
order by 1 desc",True,Aniket
PTL Overview,Trips/Cx,"Aliases: Trips per Customer; PTL Trip Frequency.

Average number of PTL trips per trip-active consigner:
sum(trip_flag)::float / nullif(count(distinct consigner_user_code where trip_flag = 1), 0)

Denominator is TRIP-ACTIVE consigners only — customers who browsed or booked but never tripped do not dilute it. Repeat-usage / stickiness metric.
Filters: Interval, cx_segment_ptl, exp_type, consigner_region.","Select 
  date_trunc({{Interval}}, demand_time) as interval,
  sum(trip_flag)::float / nullif(count(distinct case when trip_flag = 1 then a.consigner_user_code else null end), 0)::float as ""Trips/ Cx""
from mp_analytics_core.fact_ptl_bookings 
as a
LEFT JOIN (
SELECT user_code,
  max(case when flow_type_config_id = 17 then 1 else 0 end) as test1,
  
  max(case when flow_type_config_id = 18 then 1 else 0 end) as control1,
  max(case when flow_type_config_id = 36 then 1 else 0 end) as control2,
  max(case when flow_type_config_id = 37 then 1 else 0 end) as test2
FROM mp_analytics_core.fact_experiment_user_allocation
where flow_type_config_id in (17,18,36,37)
GROUP BY 1
) as c on c.user_code = a.consigner_user_code
LEFT JOIN (
SELECT consigner_user_code, max(consigner_region) as consigner_region
FROM mp_analytics_core.fact_lead_state
GROUP BY 1
) as r on r.consigner_user_code = a.consigner_user_code
where 
  demand_time::date >= case 
    when {{Interval}} = 'Day' then current_date - interval '14 days'
    when {{Interval}} = 'Week' then current_date - interval '14 weeks'
    when {{Interval}} = 'Month' then current_date - interval '12 months'
    else current_date - interval '14 days' 
  end

[[
and (case when ptl_trip_rank<=1 then 'New'
	when ptl_trip_rank<=3 then '1-3' else '3+' end)
in ({{cx_segment_ptl}})
]]

[[and (
 (case when c.test1 = 1 then 'Test1' else 'NA' end) in ({{exp_type}})
 or (case when c.control1 = 1 then 'Control1' else 'NA' end) in ({{exp_type}})
 or (case when c.control2 = 1 then 'Control2' else 'NA' end) in ({{exp_type}})
 or (case when c.test2 = 1 then 'Test2' else 'NA' end) in ({{exp_type}})
 or (case when coalesce(c.test1,0)+coalesce(c.control1,0)+coalesce(c.control2,0)+coalesce(c.test2,0) = 0 then 'Other' else 'NA' end) in ({{exp_type}})
)]]
[[and r.consigner_region in ({{consigner_region}})
]]
[[and (case when source = 'WEB PORTAL' then 'PTL WEB'
when app_platform = 'CONSIGNER_WEB' then 'APP WEB'
when source ilike 'APP%' then 'APP' 
when source IS NULL AND app_platform in ('CONSIGNER_APP','IOS_CONSIGNER_APP') then 'APP' 
when source is not null then source
else 'NA' end) in ({{Source}})]]
[[and (Case when app_platform = 'CONSIGNER_APP' then 'Android'
when app_platform = 'IOS_CONSIGNER_APP' then 'Ios' else 'Other' end) in ({{platform}})]]
[[and app_version >= {{version}}]]

group by 1
Order by 1 desc",True,Aniket
PTL Overview,# DAU/WAU/MAU,"Aliases: Active Users; DAU / WAU / MAU.

Distinct app users active in the interval — count(distinct user_code) from mp_analytics_core.fact_cx_events_l12m, bucketed by date_trunc(Interval, event_date). Interval = Day -> DAU, Week -> WAU, Month -> MAU (single card, driven by the Interval parameter; the SQL alias reads ""wau"" regardless).

This is the top of the PTL funnel and counts ALL app activity, not only PTL screens.
Cx segment here is derived from min_timestamp (epoch microseconds -> timestamp) compared against the user's 1st and 3rd FULFILLED PTL trip time.
Filters: Interval, cx_segment_ptl, exp_type, consigner_region.","Select 
date_trunc({{Interval}},event_date) as interval,
count(distinct a.user_code) as wau

from mp_analytics_core.fact_cx_events_l12m as a
LEFT JOIN (
Select 
consigner_user_code,
min(case when ptl_trip_rank = 1 then demand_time else null end) as first_trip_time, 
min(case when ptl_trip_rank = 3 then demand_time else null end) as third_trip_time
from mp_analytics_core.fact_ptl_bookings
where demand_status = 'FULFILLED'
group by 1
) as b on b.consigner_user_code = a.user_code
LEFT JOIN (
SELECT user_code,
  max(case when flow_type_config_id = 17 then 1 else 0 end) as test1,
  max(case when flow_type_config_id = 18 then 1 else 0 end) as control1,

  max(case when flow_type_config_id = 36 then 1 else 0 end) as control2,
  max(case when flow_type_config_id = 37 then 1 else 0 end) as test2
FROM mp_analytics_core.fact_experiment_user_allocation
where flow_type_config_id in (17,18,36,37)
GROUP BY 1
) as c on c.user_code = a.user_code
LEFT JOIN (
SELECT consigner_user_code, max(consigner_region) as consigner_region
FROM mp_analytics_core.fact_lead_state
GROUP BY 1
) as r on r.consigner_user_code = a.user_code

WHERE 1=1 and event_date::date<=current_date
[[
and 
(case 
when (TIMESTAMP 'EPOCH' + (min_timestamp / 1000000.0) * INTERVAL '1 second')<=first_trip_time 
or first_trip_time is null then 'New'
	when (TIMESTAMP 'EPOCH' + (min_timestamp / 1000000.0) * INTERVAL '1 second')<=third_trip_time  then '1-3'
	when (TIMESTAMP 'EPOCH' + (min_timestamp / 1000000.0) * INTERVAL '1 second')>third_trip_time then '3+' else null end)
in ({{cx_segment_ptl}})
]]

[[and (
 (case when c.test1 = 1 then 'Test1' else 'NA' end) in ({{exp_type}})
 or (case when c.control1 = 1 then 'Control1' else 'NA' end) in ({{exp_type}})
 or (case when c.control2 = 1 then 'Control2' else 'NA' end) in ({{exp_type}})
 or (case when c.test2 = 1 then 'Test2' else 'NA' end) in ({{exp_type}})
 or (case when coalesce(c.test1,0)+coalesce(c.control1,0)+coalesce(c.control2,0)+coalesce(c.test2,0) = 0 then 'Other' else 'NA' end) in ({{exp_type}})
)]]
[[and r.consigner_region in ({{consigner_region}})
]]
[[and (Case 
when event_platform = 'android' then 'Android'
when event_platform = 'ios' then 'Ios' else 'Other' end) in ({{platform}})
]]

[[and (CASE WHEN app_version IS NULL 
                 OR TRIM(app_version) = ''
                 OR POSITION('debug' IN LOWER(app_version)) > 0
            THEN NULL
            ELSE REGEXP_REPLACE(REPLACE(TRIM(app_version), '.', ''), '[^0-9]', '')
        END) >= {{Version}}]]

group by 1
order by 1 desc
limit 14",True,Aniket
PTL Overview,% DAU/WAU/MAU to Landed,"Aliases: Landing Rate; % Active Users Reaching PTL Home.

Of active app users in the interval, % who landed on the PTL home page:
count(distinct user_code where screen_name ilike '%ptl_home_page%') * 100.0 / nullif(count(distinct user_code), 0)

Measures how well the app surfaces/routes users into PTL. Denominator is the same DAU/WAU/MAU base as # DAU/WAU/MAU.
Filters: Interval, cx_segment_ptl, exp_type, consigner_region.","Select 
date_trunc({{Interval}},event_date) as interval,
count(distinct case when screen_name ilike '%ptl_home_page%' then a.user_code else null end)*100.0/nullif(count(distinct a.user_code),0) as wau

from mp_analytics_core.fact_cx_events_l12m as a
LEFT JOIN (
Select 
consigner_user_code,
min(case when ptl_trip_rank = 1 then demand_time else null end) as first_trip_time, 
min(case when ptl_trip_rank = 3 then demand_time else null end) as third_trip_time
from mp_analytics_core.fact_ptl_bookings
where demand_status = 'FULFILLED'
group by 1
) as b on b.consigner_user_code = a.user_code
LEFT JOIN (
SELECT user_code,
  max(case when flow_type_config_id = 17 then 1 else 0 end) as test1,
  
  max(case when flow_type_config_id = 18 then 1 else 0 end) as control1,
  max(case when flow_type_config_id = 36 then 1 else 0 end) as control2,
  max(case when flow_type_config_id = 37 then 1 else 0 end) as test2
FROM mp_analytics_core.fact_experiment_user_allocation
where flow_type_config_id in (17,18,36,37)
GROUP BY 1
) as c on c.user_code = a.user_code
LEFT JOIN (
SELECT consigner_user_code, max(consigner_region) as consigner_region
FROM mp_analytics_core.fact_lead_state
GROUP BY 1
) as r on r.consigner_user_code = a.user_code

WHERE 1=1 and 
event_date::date<=current_date
[[
and 
(case 
when (TIMESTAMP 'EPOCH' + (min_timestamp / 1000000.0) * INTERVAL '1 second')<=first_trip_time 
or first_trip_time is null then 'New'
	when (TIMESTAMP 'EPOCH' + (min_timestamp / 1000000.0) * INTERVAL '1 second')<=third_trip_time  then '1-3'
	when (TIMESTAMP 'EPOCH' + (min_timestamp / 1000000.0) * INTERVAL '1 second')>third_trip_time then '3+' else null end)
in ({{cx_segment_ptl}})
]]

[[and (
 (case when c.test1 = 1 then 'Test1' else 'NA' end) in ({{exp_type}})
 or (case when c.control1 = 1 then 'Control1' else 'NA' end) in ({{exp_type}})
 or (case when c.control2 = 1 then 'Control2' else 'NA' end) in ({{exp_type}})
 or (case when c.test2 = 1 then 'Test2' else 'NA' end) in ({{exp_type}})
 or (case when coalesce(c.test1,0)+coalesce(c.control1,0)+coalesce(c.control2,0)+coalesce(c.test2,0) = 0 then 'Other' else 'NA' end) in ({{exp_type}})
)]]
[[and r.consigner_region in ({{consigner_region}})
]]
[[and (Case 
when event_platform = 'android' then 'Android'
when event_platform = 'ios' then 'Ios' else 'Other' end) in ({{platform}})
]]

[[and (CASE WHEN app_version IS NULL 
                 OR TRIM(app_version) = ''
                 OR POSITION('debug' IN LOWER(app_version)) > 0
            THEN NULL
            ELSE REGEXP_REPLACE(REPLACE(TRIM(app_version), '.', ''), '[^0-9]', '')
        END) >= {{Version}}]]

group by 1
order by 1 desc
limit 14",True,Aniket
PTL Overview,% PTL Landed to Price Search,"Aliases: Landed -> Search Conversion.

Of users who landed on the PTL home page in the interval, % who went on to do a price search:
count(distinct fact_ptl_browsing.consigner_user_code) * 100.0 / nullif(count(distinct user_code where screen_name ilike '%ptl_home_page%'), 0)

Browsing is joined to events on user_code AND same date_trunc(Interval) bucket — so the search must fall in the same day/week/month as the landing, not necessarily the same session.
Caveat: numerator counts price-search users from fact_ptl_browsing (raw rows, distinct user) and is not gated on having landed, so the ratio can exceed 100% if users reach price search without a tracked ptl_home_page event.
Filters: Interval, cx_segment_ptl, exp_type, consigner_region.","Select 
date_trunc({{Interval}},event_date) as interval,
count(distinct b.consigner_user_code)*100.0/nullif(count(distinct case when screen_name ilike '%ptl_home_page%' then a.user_code else null end),0) as ""% Landed to Price Search""

from mp_analytics_core.fact_cx_events_l12m as a
left join mp_analytics_core.fact_ptl_browsing as b on b.consigner_user_code = a.user_code and date_trunc({{Interval}},browsing_time) = date_trunc({{Interval}},event_date)
LEFT JOIN (
Select 
consigner_user_code,
min(case when ptl_trip_rank = 1 then demand_time else null end) as first_trip_time, 
min(case when ptl_trip_rank = 3 then demand_time else null end) as third_trip_time
from mp_analytics_core.fact_ptl_bookings
where demand_status = 'FULFILLED'
group by 1
) as bb on bb.consigner_user_code = a.user_code
LEFT JOIN (
SELECT user_code,
  max(case when flow_type_config_id = 17 then 1 else 0 end) as test1,
  max(case when flow_type_config_id = 18 then 1 else 0 end) as control1,
  
  max(case when flow_type_config_id = 36 then 1 else 0 end) as control2,
  max(case when flow_type_config_id = 37 then 1 else 0 end) as test2
FROM mp_analytics_core.fact_experiment_user_allocation
where flow_type_config_id in (17,18,36,37)
GROUP BY 1
) as c on c.user_code = a.user_code
LEFT JOIN (
SELECT consigner_user_code, max(consigner_region) as consigner_region
FROM mp_analytics_core.fact_lead_state
GROUP BY 1
) as r on r.consigner_user_code = a.user_code

WHERE 1=1 and event_date::date<=current_date
[[
and 
(case 
when (TIMESTAMP 'EPOCH' + (min_timestamp / 1000000.0) * INTERVAL '1 second')<=first_trip_time 
or first_trip_time is null then 'New'
	when (TIMESTAMP 'EPOCH' + (min_timestamp / 1000000.0) * INTERVAL '1 second')<=third_trip_time  then '1-3'
	when (TIMESTAMP 'EPOCH' + (min_timestamp / 1000000.0) * INTERVAL '1 second')>third_trip_time then '3+' else null end)
in ({{cx_segment_ptl}})
]]

[[and (
 (case when c.test1 = 1 then 'Test1' else 'NA' end) in ({{exp_type}})
 or (case when c.control1 = 1 then 'Control1' else 'NA' end) in ({{exp_type}})
 or (case when c.control2 = 1 then 'Control2' else 'NA' end) in ({{exp_type}})
 or (case when c.test2 = 1 then 'Test2' else 'NA' end) in ({{exp_type}})
 or (case when coalesce(c.test1,0)+coalesce(c.control1,0)+coalesce(c.control2,0)+coalesce(c.test2,0) = 0 then 'Other' else 'NA' end) in ({{exp_type}})
)]]
[[and r.consigner_region in ({{consigner_region}})
]]
[[and (Case 
when event_platform = 'android' then 'Android'
when event_platform = 'ios' then 'Ios' else 'Other' end) in ({{platform}})
]]

[[and (CASE WHEN app_version IS NULL 
                 OR TRIM(app_version) = ''
                 OR POSITION('debug' IN LOWER(app_version)) > 0
            THEN NULL
            ELSE REGEXP_REPLACE(REPLACE(TRIM(app_version), '.', ''), '[^0-9]', '')
        END) >= {{Version}}]]

group by 1
order by 1 desc
limit 14",True,Aniket
PTL Overview,% Landed — v1_ptl_tutorial_view contribution,"Aliases: Tutorial Cohort Funnel; v1_ptl_tutorial_view Impact.

Full PTL funnel (active -> landed -> price check -> demand -> placement -> trip) reported three ways: overall, for the tutorial cohort (users who fired the v1_ptl_tutorial_view event), and as the tutorial cohort's contribution to each overall step.

Per step it outputs: absolute users, % of active users, tutorial-cohort % (tut_*_pct, denominated on tutorial users), and the tutorial share of the overall step.

Used to answer ""is the PTL tutorial actually pulling users down the funnel, or is it just being seen by users who would have converted anyway?"" Read as directional — it is an observational cohort comparison, not a randomised experiment, so tutorial viewers are self-selected.","select
  interval,
  count(distinct user_code) as active_users,
  sum(landed) as landed_users,
  sum(landed)*100.0/nullif(count(distinct user_code),0) as landed_pct,
  sum(price_check) as price_check_users,
  sum(price_check)*100.0/nullif(count(distinct user_code),0) as price_check_pct,
  sum(demand) as demand_users,
  sum(demand)*100.0/nullif(count(distinct user_code),0) as demand_pct,
  sum(placement) as placement_users,
  
  sum(placement)*100.0/nullif(count(distinct user_code),0) as placement_pct,
  sum(trip) as trip_users,
  sum(trip)*100.0/nullif(count(distinct user_code),0) as trip_pct,

  -- tutorial cohort
  count(distinct case when tutorial=1 then user_code end) as tut_users,
  count(distinct case when tutorial=1 then user_code end)*100.0/nullif(count(distinct user_code),0) as tut_reach_pct,
  sum(case when tutorial=1 then landed else 0 end)*100.0/nullif(count(distinct case when tutorial=1 then user_code end),0) as tut_landed_pct,
  sum(case when tutorial=1 then price_check else 0 end)*100.0/nullif(count(distinct case when tutorial=1 then user_code end),0) as tut_price_check_pct,
  sum(case when tutorial=1 then demand else 0 end) as tut_demand_users,
  sum(case when tutorial=1 then demand else 0 end)*100.0/nullif(count(distinct case when tutorial=1 then user_code end),0) as tut_demand_pct,
  sum(case when tutorial=1 then placement else 0 end) as tut_placement_users,
  sum(case when tutorial=1 then placement else 0 end)*100.0/nullif(count(distinct case when tutorial=1 then user_code end),0) as tut_placement_pct,
  sum(case when tutorial=1 then trip else 0 end) as tut_trip_users,
  sum(case when tutorial=1 then trip else 0 end)*100.0/nullif(count(distinct case when tutorial=1 then user_code end),0) as tut_trip_pct,

  -- contribution of tutorial cohort to overall (pp)
  sum(case when tutorial=1 then landed else 0 end)*100.0/nullif(count(distinct user_code),0) as landed_contrib_tut_pp,
  sum(case when tutorial=1 then price_check else 0 end)*100.0/nullif(count(distinct user_code),0) as price_check_contrib_tut_pp,
  sum(case when tutorial=1 then demand else 0 end)*100.0/nullif(count(distinct user_code),0) as demand_contrib_tut_pp,
  sum(case when tutorial=1 then placement else 0 end)*100.0/nullif(count(distinct user_code),0) as placement_contrib_tut_pp,
  sum(case when tutorial=1 then trip else 0 end)*100.0/nullif(count(distinct user_code),0) as trip_contrib_tut_pp
from (
Select 
date_trunc({{Interval}},event_date) as interval,
a.user_code,
max(case when screen_name ilike '%ptl_home_page%' then 1 else 0 end) as landed,
max(case when event_name = 'v1_ptl_tutorial_view' then 1 else 0 end) as tutorial,
max(case when pb.consigner_user_code is not null then 1 else 0 end) as price_check,
max(case when bk.consigner_user_code is not null then 1 else 0 end) as demand,
max(case when bk.placement_flag = 1 then 1 else 0 end) as placement,
max(case when bk.trip_flag = 1 then 1 else 0 end) as trip

from mp_analytics_core.fact_cx_events_l12m as a
LEFT JOIN (
Select 
consigner_user_code,
min(case when ptl_trip_rank = 1 then demand_time else null end) as first_trip_time, 
min(case when ptl_trip_rank = 3 then demand_time else null end) as third_trip_time
from mp_analytics_core.fact_ptl_bookings
where demand_status = 'FULFILLED'
group by 1
) as b on b.consigner_user_code = a.user_code
LEFT JOIN mp_analytics_core.fact_ptl_browsing as pb
  on pb.consigner_user_code = a.user_code
  and date_trunc({{Interval}},pb.browsing_time) = date_trunc({{Interval}},a.event_date)
LEFT JOIN mp_analytics_core.fact_ptl_bookings as bk
  on bk.consigner_user_code = a.user_code
  and date_trunc({{Interval}},bk.demand_time) = date_trunc({{Interval}},a.event_date)
LEFT JOIN (
SELECT user_code,
  max(case when flow_type_config_id = 17 then 1 else 0 end) as test1,
  max(case when flow_type_config_id = 18 then 1 else 0 end) as control1,
  max(case when flow_type_config_id = 36 then 1 else 0 end) as control2,
  max(case when flow_type_config_id = 37 then 1 else 0 end) as test2
FROM mp_analytics_core.fact_experiment_user_allocation
where flow_type_config_id in (17,18,36,37)
GROUP BY 1
) as c on c.user_code = a.user_code
LEFT JOIN (
SELECT consigner_user_code, max(consigner_region) as consigner_region
FROM mp_analytics_core.fact_lead_state
GROUP BY 1
) as r on r.consigner_user_code = a.user_code

WHERE 1=1 and 
event_date::date<=current_date
[[
and 
(case 
when (TIMESTAMP 'EPOCH' + (min_timestamp / 1000000.0) * INTERVAL '1 second')<=first_trip_time 
or first_trip_time is null then 'New'
	when (TIMESTAMP 'EPOCH' + (min_timestamp / 1000000.0) * INTERVAL '1 second')<=third_trip_time  then '1-3'
	when (TIMESTAMP 'EPOCH' + (min_timestamp / 1000000.0) * INTERVAL '1 second')>third_trip_time then '3+' else null end)
in ({{cx_segment_ptl}})
]]

[[and (
 (case when c.test1 = 1 then 'Test1' else 'NA' end) in ({{exp_type}})
 or (case when c.control1 = 1 then 'Control1' else 'NA' end) in ({{exp_type}})
 or (case when c.control2 = 1 then 'Control2' else 'NA' end) in ({{exp_type}})
 or (case when c.test2 = 1 then 'Test2' else 'NA' end) in ({{exp_type}})
 or (case when coalesce(c.test1,0)+coalesce(c.control1,0)+coalesce(c.control2,0)+coalesce(c.test2,0) = 0 then 'Other' else 'NA' end) in ({{exp_type}})
)]]
[[and r.consigner_region in ({{consigner_region}})
]]
[[and (Case 
when event_platform = 'android' then 'Android'
when event_platform = 'ios' then 'Ios' else 'Other' end) in ({{platform}})
]]

[[and (CASE WHEN a.app_version IS NULL 
                 OR TRIM(a.app_version) = ''
                 OR POSITION('debug' IN LOWER(a.app_version)) > 0
            THEN NULL
            ELSE REGEXP_REPLACE(REPLACE(TRIM(a.app_version), '.', ''), '[^0-9]', '')
        END) >= {{Version}}]]

group by 1,2
) x
group by 1
order by 1 desc
limit 14",True,Aniket
PTL Consigner Payment,% ToPay,"Aliases: To-Pay Share; % Pay-on-Delivery.
 
 % of PTL demands billed on a To-Pay basis:
 count(distinct demand_id where topay_flag = 1) * 100.0 / nullif(count(distinct demand_id), 0)
 from as_trip_payments, ptl_flag = 1, bucketed by month of due_date.
 
 Fixed monthly grain (not driven by the Interval parameter) and limited to the trailing 9 months; only dues already reached (due_date <= current_date) are counted.
 Filters: trip_rank, trip_type ('Onboarding' if trip_rank <= 3 else 'Retention').","Select 
 date_trunc('month',due_date)::Date as month,
 count(Distinct case when topay_flag = 1 then demand_id else null end)*100.0/nullif(count(distinct demand_id),0) as ""%ToPay""
 
 from mp_analytics_core.as_trip_payments
 where ptl_flag = 1
 and due_date::date<=current_date
 and date_trunc('month',due_date)>=date_trunc('month',current_date)-interval '9 month'
 
 [[and trip_rank ={{trip_rank}}]]
 [[and (case when trip_rank <=3 then 'Onboarding' else 'Retention' end) ={{trip_type}}]]
 group by 1
 order by 1 desc",True,Aniket
PTL Consigner Payment,% Recovery Acq Cx (D+7/15/30),"Aliases: Onboarding Cohort Recovery; New-Cx Collection Curve.
 
 The full recovery / NPA panel (within due date, D+7, D+15, D+30, Gross NPA, Net NPA — all as % of receivable_before_settlement) restricted to ACQUISITION customers: trip_rank <= 3.
 
 Same bucket-aware construction as % Recovery (D+7/15/30) — each ratio restricts numerator and denominator to receivables aged past that threshold (>=7, >=15, >=30, >=90, >=180 days_since_due).
 
 Monthly grain on due_date, trailing 12 months, ptl_flag = 1. Recovered amounts stored negative, sign-flipped for display.
 Paired with % Recovery Retention Cx to show whether credit risk sits with new or repeat customers.","Select 
 date_trunc('month',due_date)::Date as month,
 sum(-1*recovered_within_due_date)*100/nullif(sum(receivable_before_settlement),0) as recovery_with_due_date,
 sum(case when days_since_due>=7 then -1*recovered_within_7_days else null end)*100
 /nullif(sum(case when days_since_due>=7 then receivable_before_settlement else null end),0) as recovery_with_due_date7,
 sum(case when days_since_due>=15 then -1*recovered_within_15_days else null end)*100
 /nullif(sum(case when days_since_due>=15 then receivable_before_settlement else null end),0) as recovery_with_due_date15,
 sum(case when days_since_due>=30 then -1*recovered_within_30_days else null end)*100
 /nullif(sum(case when days_since_due>=30 then receivable_before_settlement else null end),0) as recovery_with_due_date30,
 
 sum(case when days_since_due>=90 then demand_gross_npa else null end)*100
 /nullif(sum(case when days_since_due>=90 then receivable_before_settlement else null end),0) as gross_npa,
 
 sum(case when days_since_due>=180 then demand_net_npa else null end)*100
 /nullif(sum(case when days_since_due>=180 then receivable_before_settlement else null end),0) as net_npa
 
 from mp_analytics_core.as_trip_payments
 where ptl_flag = 1
 and due_date::date<=current_date
 and date_trunc('month',due_date) >= date_trunc('month',current_date)-interval '12 month'
 and trip_rank<=3
 group by 1
 order by 1 desc",True,Aniket
PTL Consigner Payment,% Recovery Retention Cx (D+7/15/30),"Aliases: Retention Cohort Recovery; Repeat-Cx Collection Curve.
 
 Identical to % Recovery Acq Cx (D+7/15/30) but for RETENTION customers: trip_rank > 3.
 
 Same metric panel (within due date / D+7 / D+15 / D+30 / Gross NPA / Net NPA as % of receivable_before_settlement), same monthly-on-due_date grain, trailing 12 months, ptl_flag = 1.","Select 
 date_trunc('month',due_date)::Date as month,
 sum(-1*recovered_within_due_date)*100/nullif(sum(receivable_before_settlement),0) as recovery_with_due_date,
 sum(case when days_since_due>=7 then -1*recovered_within_7_days else null end)*100
 /nullif(sum(case when days_since_due>=7 then receivable_before_settlement else null end),0) as recovery_with_due_date7,
 sum(case when days_since_due>=15 then -1*recovered_within_15_days else null end)*100
 /nullif(sum(case when days_since_due>=15 then receivable_before_settlement else null end),0) as recovery_with_due_date15,
 sum(case when days_since_due>=30 then -1*recovered_within_30_days else null end)*100
 /nullif(sum(case when days_since_due>=30 then receivable_before_settlement else null end),0) as recovery_with_due_date30,
 
 sum(case when days_since_due>=90 then demand_gross_npa else null end)*100
 /nullif(sum(case when days_since_due>=90 then receivable_before_settlement else null end),0) as gross_npa,
 
 sum(case when days_since_due>=180 then demand_net_npa else null end)*100
 /nullif(sum(case when days_since_due>=180 then receivable_before_settlement else null end),0) as net_npa
 
 from mp_analytics_core.as_trip_payments
 where ptl_flag = 1
 and due_date::date<=current_date
 and date_trunc('month',due_date) >= date_trunc('month',current_date)-interval '12 month'
 and trip_rank>3
 group by 1
 order by 1 desc",True,Aniket
PTL Consigner Payment,Gross NPA,"Aliases: GNPA (PTL).
 
 Gross non-performing receivable as % of receivable, on the >=90-day past-due cohort:
 sum(demand_gross_npa where days_since_due >= 90) * 100 / nullif(sum(receivable_before_settlement where days_since_due >= 90), 0)
 
 From as_trip_payments, ptl_flag = 1, monthly on due_date, last 12 months. Maturity guard: due_date + 90 <= current_date, so only months that have fully aged 90 days appear — this is why the latest months are absent by design.
 The card also returns Net NPA (>=180 day cohort) as a second column.
 Filters: topay_flag, trip_rank, trip_type.","Select 
 date_trunc('month',due_date)::Date as month,
 sum(case when days_since_due>=90 then demand_gross_npa else null end)*100
 /nullif(sum(case when days_since_due>=90 then receivable_before_settlement else null end),0) as gross_npa,
 
 sum(case when days_since_due>=180 then demand_net_npa else null end)*100
 /nullif(sum(case when days_since_due>=180 then receivable_before_settlement else null end),0) as net_npa
 
 from mp_analytics_core.as_trip_payments
 where ptl_flag = 1
 and due_date::date+90<=current_date
 [[and topay_flag = {{topay_flag}}]]
 [[and trip_rank ={{trip_rank}}]]
 [[and (case when trip_rank <=3 then 'Onboarding' else 'Retention' end) ={{trip_type}}]]
 group by 1
 order by 1 desc
 limit 12",True,Aniket
PTL Consigner Payment,Net NPA,"Aliases: NNPA (PTL).
 
 Net NPA (after recoveries/provisions) as % of receivable, on the >=180-day past-due cohort:
 sum(demand_net_npa where days_since_due >= 180) * 100 / nullif(sum(receivable_before_settlement where days_since_due >= 180), 0)
 
 Same source and shape as Gross NPA, but the maturity guard is due_date + 180 <= current_date — so this card is always ~3 months more lagged than the Gross NPA card. Both cards return the same two columns; they differ only in that maturity guard.
 Filters: topay_flag, trip_rank, trip_type.","Select 
 date_trunc('month',due_date)::Date as month,
 sum(case when days_since_due>=90 then demand_gross_npa else null end)*100
 /nullif(sum(case when days_since_due>=90 then receivable_before_settlement else null end),0) as gross_npa,
 
 sum(case when days_since_due>=180 then demand_net_npa else null end)*100
 /nullif(sum(case when days_since_due>=180 then receivable_before_settlement else null end),0) as net_npa
 
 from mp_analytics_core.as_trip_payments
 where ptl_flag = 1
 and due_date::date+180<=current_date
 [[and topay_flag = {{topay_flag}}]]
 [[and trip_rank ={{trip_rank}}]]
 [[and (case when trip_rank <=3 then 'Onboarding' else 'Retention' end) ={{trip_type}}]]
 group by 1
 order by 1 desc
 limit 12",True,Aniket
PTL Cx Experience,%Requested Pickup SLA's,"Aliases: Requested Pickup SLA; Pickup Adherence vs Requested ETA.
 
 Pickup performance measured against the pickup ETA the CUSTOMER requested (requested_pickup_eta), from fact_ptl_bookings. Outputs per interval:
 - booking = distinct demands with a requested pickup ETA in the period
 - pickup_done / % — demand_status = 'FULFILLED' and pickup_done_time is not null
 - same-day / D+1 / D+2 % — pickup done with requested_pickup_eta_diff <= 0 / <= 1 / <= 2
 - pickup_expired / % — demand_status = 'EXPIRED'
 - pickup_pending / % — status in ('FULFILLED','PENDING') with pickup_done_time null
 
 Scope guards: requested_pickup_eta >= 2026-01-01, and < current_date - 2 so that in-flight pickups do not drag recent periods down. Source 'ODIN' and blank source are excluded (system/backfill rows).
 Filters: Interval, transporter_name (Delhivery / DP World / Safexpress / Busybees / ATC TPT, else OTHER), cx_segments_ptl, Source.","Select 
 date_trunc({{Interval}},requested_pickup_eta)::date as date,
 count(distinct demand_id) as booking,
 count(distinct case when demand_status = 'FULFILLED' and pickup_done_time is not null then demand_id else null end) as pickup_done,
 pickup_done*100.0/nullif(booking,0) as pickup_done_prc,
 count(distinct case when demand_status = 'FULFILLED' and pickup_done_time is not null and requested_pickup_eta_diff<=0 then demand_id else null end) as pickup_done_sameday,
 count(distinct case when demand_status = 'FULFILLED' and pickup_done_time is not null and requested_pickup_eta_diff<=1 then demand_id else null end) as pickup_done_day1,
 count(distinct case when demand_status = 'FULFILLED' and pickup_done_time is not null and requested_pickup_eta_diff<=2 then demand_id else null end) as pickup_done_day2,
 pickup_done_sameday*100.0/nullif(booking,0) as pickup_done_sameday_prc,
 pickup_done_day1*100.0/nullif(booking,0) as pickup_done_day1_prc,
 pickup_done_day2*100.0/nullif(booking,0) as pickup_done_day2_prc,
 
 count(distinct case when demand_status = 'EXPIRED' then demand_id else null end) as pickup_expired,
 pickup_expired*100.0/nullif(booking,0) as pickup_expired_prc,
 count(distinct case when demand_status in ('FULFILLED','PENDING') and pickup_done_time is null then demand_id else null end) as pickup_pending,
 pickup_pending*100.0/nullif(booking,0) as pickup_pending_prc
 
 from 
 mp_analytics_core.fact_ptl_bookings
 where requested_pickup_eta::date>='2026-01-01'
 and requested_pickup_eta::date<current_date-2
 and source <> 'ODIN'
 and source <> ''
 and requested_pickup_eta::date >= case 
  when {{Interval}} = 'Day' then current_date - interval '14 days'
  when {{Interval}} = 'Week' then current_date - interval '14 weeks'
  when {{Interval}} = 'Month' then current_date - interval '12 months'
  else current_date - interval '14 days'
 end
 [[and (case when transporter_name in ('DELHIVERY','DP WORLD','SAFEXPRESS PVT LTD','BUSYBEES','ATC TPT') then transporter_name else 'OTHER' END) in ({{transporter_name}})]]
 [[and cx_segments_ptl in ({{cx_segments_ptl}})]]
 [[and (case when source = 'WEB PORTAL' then 'PTL WEB'
 when app_platform = 'CONSIGNER_WEB' then 'APP WEB'
 when source ilike 'APP%' then 'APP' 
 when source IS NULL AND app_platform in ('CONSIGNER_APP','IOS_CONSIGNER_APP') then 'APP' 
 when source is not null then source
 else 'NA' end) in ({{Source}})]]
 [[and (Case when app_platform = 'CONSIGNER_APP' then 'Android'
 when app_platform = 'IOS_CONSIGNER_APP' then 'Ios' else 'Other' end) in ({{platform}})]]
 [[and app_version >= {{version}}]]
 
 
 
 group by 1
 order by 1 desc",True,Aniket
PTL Cx Experience,% Original Delivery SLA's,"Aliases: Original Delivery SLA; Promise-Date Adherence.
 
 Delivery performance against the ORIGINAL delivery ETA promised at booking (original_delivery_eta). Per interval: booking count, delivery_done and %, plus same-day / D+1 / D+2 delivery % using original_delivery_eta_diff <= 0 / <= 1 / <= 2.
 
 This is the honest customer-promise metric — it is not re-baselined when an ETA is revised. Compare against % Latest Delivery SLA's: a gap between the two is the volume of ETA revisions.
 
 Scope: original_delivery_eta >= 2026-01-01 and < current_date - 2, demand_status = 'FULFILLED', source not 'ODIN'/blank.
 Filters: Interval, transporter_name, cx_segments_ptl, Source.","Select 
 date_trunc({{Interval}},original_delivery_eta)::date as date,
 count(distinct demand_id) as booking,
 count(distinct case when demand_status = 'FULFILLED' and trip_end_time is not null then demand_id else null end) as delivery_done,
 delivery_done*100.0/nullif(booking,0) as delivery_done_prc,
 count(distinct case when demand_status = 'FULFILLED' and trip_end_time is not null and original_delivery_eta_diff<=0 then demand_id else null end) as delivery_done_sameday,
 count(distinct case when demand_status = 'FULFILLED' and trip_end_time is not null and original_delivery_eta_diff<=1 then demand_id else null end) as delivery_done_day1,
 count(distinct case when demand_status = 'FULFILLED' and trip_end_time is not null and original_delivery_eta_diff<=2 then demand_id else null end) as delivery_done_day2,
 delivery_done_sameday*100.0/nullif(booking,0) as delivery_done_sameday_prc,
 delivery_done_day1*100.0/nullif(booking,0) as delivery_done_day1_prc,
 delivery_done_day2*100.0/nullif(booking,0) as delivery_done_day2_prc
 
 from 
 mp_analytics_core.fact_ptl_bookings
 where original_delivery_eta::date>='2026-01-01'
 and original_delivery_eta::date<current_date-2
 and source <> 'ODIN'
 and source <> ''
 and demand_status = 'FULFILLED'
 and original_delivery_eta::date >= case 
  when {{Interval}} = 'Day' then current_date - interval '14 days'
  when {{Interval}} = 'Week' then current_date - interval '14 weeks'
  when {{Interval}} = 'Month' then current_date - interval '12 months'
  else current_date - interval '14 days'
 end
 [[and (case when transporter_name in ('DELHIVERY','DP WORLD','SAFEXPRESS PVT LTD','BUSYBEES','ATC TPT') then transporter_name else 'OTHER' END) in ({{transporter_name}})]]
 [[and cx_segments_ptl in ({{cx_segments_ptl}})]]
 [[and (case when source = 'WEB PORTAL' then 'PTL WEB'
 when app_platform = 'CONSIGNER_WEB' then 'APP WEB'
 when source ilike 'APP%' then 'APP' 
 when source IS NULL AND app_platform in ('CONSIGNER_APP','IOS_CONSIGNER_APP') then 'APP' 
 when source is not null then source
 else 'NA' end) in ({{Source}})]]
 [[and (Case when app_platform = 'CONSIGNER_APP' then 'Android'
 when app_platform = 'IOS_CONSIGNER_APP' then 'Ios' else 'Other' end) in ({{platform}})]]
 [[and app_version >= {{version}}]]
 
 group by 1
 order by 1 desc",True,Aniket
PTL Cx Experience,% Latest Delivery SLA's,"Aliases: Latest Delivery SLA; Revised-ETA Adherence.
 
 Identical to % Original Delivery SLA's but measured against latest_delivery_eta — the most recently revised delivery promise — using latest_delivery_eta_diff <= 0 / <= 1 / <= 2.
 
 Always reads better than the original-ETA version because the goalpost moves with each revision. Use it to judge operational execution against the current plan; use % Original Delivery SLA's to judge the customer-facing promise.
 
 Scope and filters identical to % Original Delivery SLA's.","Select 
 date_trunc({{Interval}},latest_delivery_eta)::date as date,
 count(distinct demand_id) as booking,
 count(distinct case when demand_status = 'FULFILLED' and trip_end_time is not null then demand_id else null end) as delivery_done,
 delivery_done*100.0/nullif(booking,0) as delivery_done_prc,
 count(distinct case when demand_status = 'FULFILLED' and trip_end_time is not null and latest_delivery_eta_diff<=0 then demand_id else null end) as delivery_done_sameday,
 count(distinct case when demand_status = 'FULFILLED' and trip_end_time is not null and latest_delivery_eta_diff<=1 then demand_id else null end) as delivery_done_day1,
 count(distinct case when demand_status = 'FULFILLED' and trip_end_time is not null and latest_delivery_eta_diff<=2 then demand_id else null end) as delivery_done_day2,
 delivery_done_sameday*100.0/nullif(booking,0) as delivery_done_sameday_prc,
 delivery_done_day1*100.0/nullif(booking,0) as delivery_done_day1_prc,
 delivery_done_day2*100.0/nullif(booking,0) as delivery_done_day2_prc
 
 from 
 mp_analytics_core.fact_ptl_bookings
 where latest_delivery_eta::date>='2026-01-01'
 and latest_delivery_eta::date<current_date-2
 and source <> 'ODIN'
 and source <> ''
 and demand_status = 'FULFILLED'
 and latest_delivery_eta::date >= case 
  when {{Interval}} = 'Day' then current_date - interval '14 days'
  when {{Interval}} = 'Week' then current_date - interval '14 weeks'
  when {{Interval}} = 'Month' then current_date - interval '12 months'
  else current_date - interval '14 days'
 end
 [[and (case when transporter_name in ('DELHIVERY','DP WORLD','SAFEXPRESS PVT LTD','BUSYBEES','ATC TPT') then transporter_name else 'OTHER' END) in ({{transporter_name}})]]
 [[and cx_segments_ptl in ({{cx_segments_ptl}})]]
 [[and (case when source = 'WEB PORTAL' then 'PTL WEB'
 when app_platform = 'CONSIGNER_WEB' then 'APP WEB'
 when source ilike 'APP%' then 'APP' 
 when source IS NULL AND app_platform in ('CONSIGNER_APP','IOS_CONSIGNER_APP') then 'APP' 
 when source is not null then source
 else 'NA' end) in ({{Source}})]]
 [[and (Case when app_platform = 'CONSIGNER_APP' then 'Android'
 when app_platform = 'IOS_CONSIGNER_APP' then 'Ios' else 'Other' end) in ({{platform}})]]
 [[and app_version >= {{version}}]]
 
 group by 1
 order by 1 desc",True,Aniket
PTL Manifestation,PTL Manifestation — Day on Day,"Aliases: Manifestation Funnel (DoD); % Manifested.
 
 Day-on-day (or week/month, per Interval) manifestation funnel on fact_ptl_bookings, dated on demand_time. Stages:
 1. Placement — distinct demands with placement_flag = 1.
 2. Manifesting Scope (potentially live) — placements where ptl_trip_rank >= 2 OR app_version >= 1770 (the app build where manifestation shipped). Also shown as % of Placement.
 3. Transporters Eligible for Manifesting — scope narrowed to transporter_name in ('DELHIVERY','DP WORLD'). Also as % of Placement.
 4. Transporters Eligible Invoice add — eligible demands with a material_invoice. Also as % of Placement.
 5. Manifested — eligible demands with manifested = 'true'. Reported two ways: % Manifested (denominator = eligible) and % Manifested w.r.t. plc (denominator = all Placement).
 
 Known data bug in stage 4: the invoice condition reads (material_invoice is not null OR material_invoice = '' OR material_invoice = ' ') — the OR of blank-string checks makes the filter effectively always true, so ""Invoice add"" is overstated. Should be an AND of non-blank checks. Flagged, not yet fixed.
 Filters: Interval, cx_segment_ptl, exp_type, consigner_region, Source, platform, app version.","with daily as (
 Select 
  date_trunc({{Interval}},demand_time)::date as day,
  count(distinct case when placement_flag = 1 then demand_id end) as ""Placement"",
  count(distinct case when placement_flag = 1
  and (ptl_trip_rank >= 2 or app_version >= 1770)
 then demand_id end) as ""Manifesting Scope(trips where potentially live)"",
 ""Manifesting Scope(trips where potentially live)""*100.0/nullif(""Placement"",0) as ""% Manifesting Scope(trips where potentially live)"",
 
  count(distinct case when placement_flag = 1
  and (ptl_trip_rank >= 2 or app_version >= 1770)
 and transporter_name in ('DELHIVERY','DP WORLD')
 then demand_id end) as ""Transporters Eligible for Manifesting"",
  ""Transporters Eligible for Manifesting""*100.0/nullif(""Placement"",0) as ""% Transporters Eligible for Manifesting"",
  
  count(distinct case when placement_flag = 1
  and (ptl_trip_rank >= 2 or app_version >= 1770)
 and transporter_name in ('DELHIVERY','DP WORLD')
 and (material_invoice is not null or material_invoice = '' or material_invoice = ' ')
 then demand_id end) as ""Transporters Eligible Invoice add"",
  ""Transporters Eligible Invoice add""*100.0/nullif(""Placement"",0) as ""% Transporters Eligible Invoice add"",
  
  count(distinct case when placement_flag = 1
  and (ptl_trip_rank >= 2 or app_version >= 1770)
 and transporter_name in ('DELHIVERY','DP WORLD')
  and manifested = 'true' then demand_id end) as ""Manifested"",
  count(distinct case when placement_flag = 1
  and (ptl_trip_rank >= 2 or app_version >= 1770)
 and transporter_name in ('DELHIVERY','DP WORLD')
  and manifested = 'true' then demand_id end)*100.0
  / nullif(count(distinct case when placement_flag = 1
  and (ptl_trip_rank >= 2 or app_version >= 1770)
 and transporter_name in ('DELHIVERY','DP WORLD')
 then demand_id end),0) as ""% Manifested"",
  count(distinct case when placement_flag = 1
  and (ptl_trip_rank >= 2 or app_version >= 1770)
 and transporter_name in ('DELHIVERY','DP WORLD')
  and manifested = 'true' then demand_id end)*100.0/nullif(""Placement"",0) as ""% Manifested (w.t.r of plc)""
 
 from mp_analytics_core.fact_ptl_bookings as a
 LEFT JOIN (
 SELECT user_code,
  max(case when flow_type_config_id = 17 then 1 else 0 end) as test1,
  max(case when flow_type_config_id = 18 then 1 else 0 end) as control1,
  max(case when flow_type_config_id = 36 then 1 else 0 end) as control2,
  max(case when flow_type_config_id = 37 then 1 else 0 end) as test2
 FROM mp_analytics_core.fact_experiment_user_allocation
 where flow_type_config_id in (17,18,36,37)
 GROUP BY 1
 ) as c on c.user_code = a.consigner_user_code
 LEFT JOIN (
 SELECT consigner_user_code, max(consigner_region) as consigner_region
 FROM mp_analytics_core.fact_lead_state
 GROUP BY 1
 ) as r on r.consigner_user_code = a.consigner_user_code
 where 
  demand_time::date >= current_date - interval '60 days'
 [[
 and (case when ptl_trip_rank<=1 then 'New'
 when ptl_trip_rank<=3 then '1-3' else '3+' end)
 in ({{cx_segment_ptl}})
 ]]
 [[and (
  (case when c.test1 = 1 then 'Test1' else 'NA' end) in ({{exp_type}})
  or (case when c.control1 = 1 then 'Control1' else 'NA' end) in ({{exp_type}})
  or (case when c.control2 = 1 then 'Control2' else 'NA' end) in ({{exp_type}})
  or (case when c.test2 = 1 then 'Test2' else 'NA' end) in ({{exp_type}})
  or (case when coalesce(c.test1,0)+coalesce(c.control1,0)+coalesce(c.control2,0)+coalesce(c.test2,0) = 0 then 'Other' else 'NA' end) in ({{exp_type}})
 )]]
 [[and r.consigner_region in ({{consigner_region}})
 ]]
 [[and (case when source = 'WEB PORTAL' then 'PTL WEB'
 when app_platform = 'CONSIGNER_WEB' then 'APP WEB'
 when source ilike 'APP%' then 'APP' 
 when source IS NULL AND app_platform in ('CONSIGNER_APP','IOS_CONSIGNER_APP') then 'APP' 
 when source is not null then source
 else 'NA' end) in ({{Source}})]]
 [[and (Case when app_platform = 'CONSIGNER_APP' then 'Android'
 when app_platform = 'IOS_CONSIGNER_APP' then 'Ios' else 'Other' end) in ({{platform}})]]
 [[and app_version >= {{version}}]]
 and 
  demand_time::date >= case 
  when {{Interval}} = 'Day' then current_date - interval '14 days'
  when {{Interval}} = 'Week' then current_date - interval '14 weeks'
  when {{Interval}} = 'Month' then current_date - interval '12 months'
  else current_date - interval '14 days' 
  end
 group by 1
 )
 
 -- Baselines on % Manifested (Manifested / Transporters Eligible for Manifesting)
 -- 1) 7d Rolling : 6 preceding -> current row (MATCHES chart card 50054)
 -- 2) 7d Baseline : 7 preceding -> 1 preceding (current day EXCLUDED, for day-vs-baseline comparison)
 select
  d.*,
  round(
  sum(""Manifested"") over (order by day rows between 6 preceding and current row) * 100.0
  / nullif(sum(""Transporters Eligible for Manifesting"") over (order by day rows between 6 preceding and current row),0)
  ,1) as ""% Manifested - 7d Rolling (incl today)"",
 
  round(
  sum(""Manifested"") over (order by day rows between 7 preceding and 1 preceding) * 100.0
  / nullif(sum(""Transporters Eligible for Manifesting"") over (order by day rows between 7 preceding and 1 preceding),0)
  ,1) as ""% Manifested - 7d Baseline (excl today)"",
 
  round(
  ""% Manifested""
  - ( sum(""Manifested"") over (order by day rows between 7 preceding and 1 preceding) * 100.0
  / nullif(sum(""Transporters Eligible for Manifesting"") over (order by day rows between 7 preceding and 1 preceding),0) )
  ,1) as ""Delta vs 7d Baseline (pp)""
 from daily d
 Order by 1 desc",True,Aniket
PTL Manifestation,PTL Manifestation — Raw Data by Metric,"Aliases: Manifestation Raw; Manifestation Drill-down.
 
 Row-level companion to the manifestation funnel. Builds a base CTE at demand grain from fact_ptl_bookings carrying demand_id, consigner_user_code, demand_time, transporter_name, ptl_trip_rank, manifested, material_invoice, vib_demand_state / status / sub_state, region, and the derived dimensions cx_segment_ptl, exp_type, source_grp, platform_grp.
 
 It also materialises the four funnel stage flags used by the chart cards, so the raw data and the aggregates cannot drift apart:
 - is_placement = placement_flag = 1
 - is_scope = placement and (ptl_trip_rank >= 2 or app_version >= 1770)
 - is_eligible = scope and transporter in ('DELHIVERY','DP WORLD')
 - is_manifested = eligible and manifested = 'true'
 
 Use this to audit any number on the Manifestation tab or to investigate drop-offs by transporter / state.","WITH base AS (
 SELECT
  a.demand_id,
  a.consigner_user_code,
  a.demand_time,
  a.demand_time::date as day,
  a.transporter_name,
  a.ptl_trip_rank,
  a.manifested,
  a.placement_flag,
  a.source,
  a.app_platform,
  a.app_version,
  r.consigner_region,
  a.vib_demand_state,
  a.vib_demand_status,
  a.vib_demand_sub_state,
  a.material_invoice,
  (case when a.ptl_trip_rank<=1 then 'New'
  when a.ptl_trip_rank<=3 then '1-3' else '3+' end) as cx_segment_ptl,
  (case when c.test1 = 1 then 'Test1'
  when c.control1 = 1 then 'Control1'
  when c.control2 = 1 then 'Control2'
  when c.test2 = 1 then 'Test2' else 'Other' end) as exp_type,
  (case when a.source = 'WEB PORTAL' then 'PTL WEB'
  when a.app_platform = 'CONSIGNER_WEB' then 'APP WEB'
  when a.source ilike 'APP%' then 'APP'
  when a.source IS NULL AND a.app_platform in ('CONSIGNER_APP','IOS_CONSIGNER_APP') then 'APP'
  when a.source is not null then a.source
  else 'NA' end) as source_grp,
  (case when a.app_platform = 'CONSIGNER_APP' then 'Android'
  when a.app_platform = 'IOS_CONSIGNER_APP' then 'Ios' else 'Other' end) as platform_grp,
  case when a.placement_flag = 1 then 1 else 0 end as is_placement,
  case when a.placement_flag = 1
  and (a.ptl_trip_rank >= 2 or a.app_version >= 1770) then 1 else 0 end as is_scope,
  case when a.placement_flag = 1
  and (a.ptl_trip_rank >= 2 or a.app_version >= 1770)
  and a.transporter_name in ('DELHIVERY','DP WORLD') then 1 else 0 end as is_eligible,
  case when a.placement_flag = 1
  and (a.ptl_trip_rank >= 2 or a.app_version >= 1770)
  and a.transporter_name in ('DELHIVERY','DP WORLD')
  and a.manifested = 'true' then 1 else 0 end as is_manifested
 from mp_analytics_core.fact_ptl_bookings as a
 LEFT JOIN (
 SELECT user_code,
  max(case when flow_type_config_id = 17 then 1 else 0 end) as test1,
  max(case when flow_type_config_id = 18 then 1 else 0 end) as control1,
  max(case when flow_type_config_id = 36 then 1 else 0 end) as control2,
  max(case when flow_type_config_id = 37 then 1 else 0 end) as test2
 FROM mp_analytics_core.fact_experiment_user_allocation
 where flow_type_config_id in (17,18,36,37)
 GROUP BY 1
 ) as c on c.user_code = a.consigner_user_code
 LEFT JOIN (
 SELECT consigner_user_code, max(consigner_region) as consigner_region
 FROM mp_analytics_core.fact_lead_state
 GROUP BY 1
 ) as r on r.consigner_user_code = a.consigner_user_code
 where a.demand_time::date >= current_date - interval '60 days'
 [[and (case when a.ptl_trip_rank<=1 then 'New'
 when a.ptl_trip_rank<=3 then '1-3' else '3+' end)
 in ({{cx_segment_ptl}})]]
 [[and (
  (case when c.test1 = 1 then 'Test1' else 'NA' end) in ({{exp_type}})
  or (case when c.control1 = 1 then 'Control1' else 'NA' end) in ({{exp_type}})
  or (case when c.control2 = 1 then 'Control2' else 'NA' end) in ({{exp_type}})
  or (case when c.test2 = 1 then 'Test2' else 'NA' end) in ({{exp_type}})
  or (case when coalesce(c.test1,0)+coalesce(c.control1,0)+coalesce(c.control2,0)+coalesce(c.test2,0) = 0 then 'Other' else 'NA' end) in ({{exp_type}})
 )]]
 [[and r.consigner_region in ({{consigner_region}})]]
 [[and (case when a.source = 'WEB PORTAL' then 'PTL WEB'
 when a.app_platform = 'CONSIGNER_WEB' then 'APP WEB'
 when a.source ilike 'APP%' then 'APP'
 when a.source IS NULL AND a.app_platform in ('CONSIGNER_APP','IOS_CONSIGNER_APP') then 'APP'
 when a.source is not null then a.source
 else 'NA' end) in ({{Source}})]]
 [[and (Case when a.app_platform = 'CONSIGNER_APP' then 'Android'
 when a.app_platform = 'IOS_CONSIGNER_APP' then 'Ios' else 'Other' end) in ({{platform}})]]
 [[and a.app_version >= {{version}}]]
 [[and day>= {{from}}]]
 [[and day<= {{to}}]]
 ),
 metric_list AS (
  SELECT 'Placement' as metric
  UNION ALL SELECT 'Manifesting Scope'
  UNION ALL SELECT 'Transporters Eligible'
  UNION ALL SELECT 'Manifested'
 )
 SELECT
  m.metric,
  b.day,
  b.demand_time,
  b.demand_id,
  b.consigner_user_code,
  b.transporter_name,
  b.ptl_trip_rank,
  b.cx_segment_ptl,
  b.manifested,
  b.placement_flag,
  b.source,
  b.source_grp,
  b.app_platform,
  b.platform_grp,
  b.app_version,
  b.exp_type,
  b.consigner_region,
  b.vib_demand_state,
  b.vib_demand_status,
  b.vib_demand_sub_state,
  b.material_invoice
 FROM base b
 JOIN metric_list m
  ON (m.metric = 'Placement' and b.is_placement = 1)
  OR (m.metric = 'Manifesting Scope' and b.is_scope = 1)
  OR (m.metric = 'Transporters Eligible' and b.is_eligible = 1)
  OR (m.metric = 'Manifested' and b.is_manifested = 1)
 WHERE 1=1
 [[and m.metric in ({{metric}})]]
 
 ORDER BY b.demand_time desc, m.metric",True,Aniket
PTL Manifestation,PTL Manifestation — Line Chart,"Aliases: Manifestation Trend.
 
 Same metric definitions and same stage logic as PTL Manifestation — Day on Day, rendered as a time-series line chart rather than a table. Placement, Manifesting Scope, Transporters Eligible, Manifested, % Manifested and % Manifested w.r.t. plc plotted over date_trunc(Interval, demand_time).
 
 Differs from the Day-on-Day card only in that it omits the ""Invoice add"" stage. All caveats from that card apply — in particular, the app_version >= 1770 gate means the scope denominator grows as the app rolls out, so early periods are not comparable to later ones.
 Filters: Interval, cx_segment_ptl, exp_type, consigner_region, Source, platform, app version.","with daily as (
 Select 
  date_trunc({{Interval}},demand_time)::date as day,
  count(distinct case when placement_flag = 1 then demand_id end) as ""Placement"",
  count(distinct case when placement_flag = 1
  and (ptl_trip_rank >= 2 or app_version >= 1770)
 then demand_id end) as ""Manifesting Scope(trips where potentially live)"",
 ""Manifesting Scope(trips where potentially live)""*100.0/nullif(""Placement"",0) as ""% Manifesting Scope(trips where potentially live)"",
 
  count(distinct case when placement_flag = 1
  and (ptl_trip_rank >= 2 or app_version >= 1770)
 and transporter_name in ('DELHIVERY','DP WORLD')
 then demand_id end) as ""Transporters Eligible for Manifesting"",
  ""Transporters Eligible for Manifesting""*100.0/nullif(""Placement"",0) as ""% Transporters Eligible for Manifesting"",
  count(distinct case when placement_flag = 1
  and (ptl_trip_rank >= 2 or app_version >= 1770)
 and transporter_name in ('DELHIVERY','DP WORLD')
  and manifested = 'true' then demand_id end) as ""Manifested"",
  count(distinct case when placement_flag = 1
  and (ptl_trip_rank >= 2 or app_version >= 1770)
 and transporter_name in ('DELHIVERY','DP WORLD')
  and manifested = 'true' then demand_id end)*100.0
  / nullif(count(distinct case when placement_flag = 1
  and (ptl_trip_rank >= 2 or app_version >= 1770)
 and transporter_name in ('DELHIVERY','DP WORLD')
 then demand_id end),0) as ""% Manifested"",
  count(distinct case when placement_flag = 1
  and (ptl_trip_rank >= 2 or app_version >= 1770)
 and transporter_name in ('DELHIVERY','DP WORLD')
  and manifested = 'true' then demand_id end)*100.0/nullif(""Placement"",0) as ""% Manifested (w.t.r of plc)""
 
 from mp_analytics_core.fact_ptl_bookings as a
 LEFT JOIN (
 SELECT user_code,
  max(case when flow_type_config_id = 17 then 1 else 0 end) as test1,
  max(case when flow_type_config_id = 18 then 1 else 0 end) as control1,
  max(case when flow_type_config_id = 36 then 1 else 0 end) as control2,
  max(case when flow_type_config_id = 37 then 1 else 0 end) as test2
 FROM mp_analytics_core.fact_experiment_user_allocation
 where flow_type_config_id in (17,18,36,37)
 GROUP BY 1
 ) as c on c.user_code = a.consigner_user_code
 LEFT JOIN (
 SELECT consigner_user_code, max(consigner_region) as consigner_region
 FROM mp_analytics_core.fact_lead_state
 GROUP BY 1
 ) as r on r.consigner_user_code = a.consigner_user_code
 where 
  1=1 -- demand_time::date >= current_date - interval '60 days'
 [[
 and (case when ptl_trip_rank<=1 then 'New'
 when ptl_trip_rank<=3 then '1-3' else '3+' end)
 in ({{cx_segment_ptl}})
 ]]
 [[and (
  (case when c.test1 = 1 then 'Test1' else 'NA' end) in ({{exp_type}})
  or (case when c.control1 = 1 then 'Control1' else 'NA' end) in ({{exp_type}})
  or (case when c.control2 = 1 then 'Control2' else 'NA' end) in ({{exp_type}})
  or (case when c.test2 = 1 then 'Test2' else 'NA' end) in ({{exp_type}})
  or (case when coalesce(c.test1,0)+coalesce(c.control1,0)+coalesce(c.control2,0)+coalesce(c.test2,0) = 0 then 'Other' else 'NA' end) in ({{exp_type}})
 )]]
 [[and r.consigner_region in ({{consigner_region}})
 ]]
 [[and (case when source = 'WEB PORTAL' then 'PTL WEB'
 when app_platform = 'CONSIGNER_WEB' then 'APP WEB'
 when source ilike 'APP%' then 'APP' 
 when source IS NULL AND app_platform in ('CONSIGNER_APP','IOS_CONSIGNER_APP') then 'APP' 
 when source is not null then source
 else 'NA' end) in ({{Source}})]]
 [[and (Case when app_platform = 'CONSIGNER_APP' then 'Android'
 when app_platform = 'IOS_CONSIGNER_APP' then 'Ios' else 'Other' end) in ({{platform}})]]
 [[and app_version >= {{version}}]]
 and 
  demand_time::date >= case 
  when {{Interval}} = 'Day' then current_date - interval '14 days'
  when {{Interval}} = 'Week' then current_date - interval '14 weeks'
  when {{Interval}} = 'Month' then current_date - interval '12 months'
  else current_date - interval '14 days' 
  end
 group by 1
 )
 
 -- Baseline = weighted % Manifested over the PRIOR 7 days (current day excluded)
 select
  d.*,
  sum(""Manifested"") over (
  order by day rows between 7 preceding and 1 preceding
  ) * 100.0
  / nullif(sum(""Transporters Eligible for Manifesting"") over (
  order by day rows between 7 preceding and 1 preceding
  ),0) as ""% Manifested - 7d Baseline"",
 
  ""% Manifested""
  - ( sum(""Manifested"") over (order by day rows between 7 preceding and 1 preceding) * 100.0
  / nullif(sum(""Transporters Eligible for Manifesting"") over (order by day rows between 7 preceding and 1 preceding),0)
  ) as ""Delta vs 7d Baseline (pp)""
 from daily d
 Order by 1 desc",True,Aniket
,,,,False,
,,,,False,
,,,,False,
,,,,False,
,,,,False,
,,,,False,
,,,,False,
,,,,False,
,,,,False,
,,,,False,
,,,,False,
,,,,False,
,,,,False,
,,,,False,
,,,,False,
,,,,False,
,,,,False,
,,,,False,
,,,,False,
,,,,False,
,,,,False,
,,,,False,
,,,,False,
,,,,False,
,,,,False,
,,,,False,
,,,,False,
,,,,False,
,,,,False,
,,,,False,
,,,,False,
,,,,False,
,,,,False,
,,,,False,
,,,,False,
,,,,False,
,,,,False,
,,,,False,
,,,,False,
,,,,False,
,,,,False,
,,,,False,
,,,,False,
,,,,False,
,,,,False,
,,,,False,
,,,,False,
,,,,False,
,,,,False,
,,,,False,
,,,,False,
,,,,False,
,,,,False,
,,,,False,
,,,,False,
,,,,False,
,,,,False,
,,,,False,
,,,,False,
,,,,False,
,,,,False,
,,,,False,
,,,,False,
,,,,False,
,,,,False,
,,,,False,
,,,,False,
,,,,False,
,,,,False,
,,,,False,
,,,,False,
,,,,False,
,,,,False,
,,,,False,
,,,,False,
,,,,False,
,,,,False,
,,,,False,
,,,,False,
,,,,False,
,,,,False,
,,,,False,
,,,,False,
,,,,False,
,,,,False,
,,,,False,
,,,,False,
,,,,False,
,,,,False,
,,,,False,
,,,,False,
,,,,False,
,,,,False,
,,,,False,
,,,,False,
,,,,False,
,,,,False,
,,,,False,
,,,,False,
,,,,False,
,,,,False,
,,,,False,
,,,,False,
,,,,False,
,,,,False,
,,,,False,
,,,,False,
,,,,False,
,,,,False,
,,,,False,
,,,,False,
,,,,False,
,,,,False,
,,,,False,
,,,,False,
,,,,False,
,,,,False,
,,,,False,
,,,,False,
,,,,False,
,,,,False,
,,,,False,
,,,,False,
,,,,False,
,,,,False,
,,,,False,
,,,,False,
,,,,False,
,,,,False,
,,,,False,
,,,,False,
,,,,False,
,,,,False,
,,,,False,
,,,,False,
,,,,False,
,,,,False,
,,,,False,
,,,,False,
,,,,False,
,,,,False,
,,,,False,
,,,,False,
,,,,False,
,,,,False,
,,,,False,
,,,,False,
,,,,False,
,,,,False,
,,,,False,
,,,,False,
,,,,False,
,,,,False,
,,,,False,
,,,,False,
,,,,False,
,,,,False,
,,,,False,
,,,,False,
,,,,False,
,,,,False,
,,,,False,
,,,,False,
,,,,False,
,,,,False,
,,,,False,
,,,,False,
,,,,False,
,,,,False,
,,,,False,
,,,,False,
,,,,False,
,,,,False,
,,,,False,
,,,,False,
,,,,False,
,,,,False,
,,,,False,
,,,,False,
,,,,False,
,,,,False,
,,,,False,
,,,,False,
,,,,False,
,,,,False,
,,,,False,
,,,,False,
,,,,False,
,,,,False,
,,,,False,
,,,,False,
,,,,False,
,,,,False,
,,,,False,
,,,,False,
,,,,False,
,,,,False,
,,,,False,
,,,,False,
,,,,False,
,,,,False,
,,,,False,
,,,,False,
,,,,False,
,,,,False,
,,,,False,
,,,,False,
,,,,False,
,,,,False,
,,,,False,
,,,,False,
,,,,False,
,,,,False,
,,,,False,
,,,,False,
,,,,False,
,,,,False,
,,,,False,
,,,,False,
,,,,False,
,,,,False,
,,,,False,
,,,,False,
,,,,False,
,,,,False,
,,,,False,
,,,,False,
,,,,False,
,,,,False,
,,,,False,
,,,,False,
,,,,False,
,,,,False,
,,,,False,
,,,,False,
,,,,False,
,,,,False,
,,,,False,
,,,,False,
,,,,False,
,,,,False,
,,,,False,
,,,,False,
,,,,False,
,,,,False,
,,,,False,
,,,,False,
,,,,False,
,,,,False,
,,,,False,
,,,,False,
,,,,False,
,,,,False,
,,,,False,
,,,,False,
,,,,False,
,,,,False,
,,,,False,
,,,,False,
,,,,False,
,,,,False,
,,,,False,
,,,,False,
,,,,False,
,,,,False,
,,,,False,
,,,,False,
,,,,False,
,,,,False,
,,,,False,
,,,,False,
,,,,False,
,,,,False,
,,,,False,
,,,,False,
,,,,False,
,,,,False,
,,,,False,
,,,,False,
,,,,False,
,,,,False,
,,,,False,
,,,,False,
,,,,False,
,,,,False,
,,,,False,
,,,,False,
,,,,False,
,,,,False,
,,,,False,
,,,,False,
,,,,False,
,,,,False,
,,,,False,
,,,,False,
,,,,False,
,,,,False,
,,,,False,
,,,,False,
,,,,False,
,,,,False,
,,,,False,
,,,,False,
,,,,False,
,,,,False,
,,,,False,
,,,,False,
,,,,False,
,,,,False,
,,,,False,
,,,,False,
,,,,False,
,,,,False,
,,,,False,
,,,,False,
,,,,False,
,,,,False,
,,,,False,
,,,,False,
,,,,False,
,,,,False,
,,,,False,
,,,,False,
,,,,False,
,,,,False,
,,,,False,
,,,,False,
,,,,False,
,,,,False,
,,,,False,
,,,,False,
,,,,False,
,,,,False,
,,,,False,
,,,,False,
,,,,False,
,,,,False,
,,,,False,
,,,,False,
,,,,False,
,,,,False,
,,,,False,
,,,,False,
,,,,False,
,,,,False,
,,,,False,
,,,,False,
,,,,False,
,,,,False,
,,,,False,
,,,,False,
,,,,False,
,,,,False,
,,,,False,
,,,,False,
,,,,False,
,,,,False,
,,,,False,
,,,,False,
,,,,False,
,,,,False,
,,,,False,
,,,,False,
,,,,False,
,,,,False,
,,,,False,
,,,,False,
,,,,False,
,,,,False,
,,,,False,
,,,,False,
,,,,False,
,,,,False,
,,,,False,
,,,,False,
,,,,False,
,,,,False,
,,,,False,
,,,,False,
,,,,False,
,,,,False,
,,,,False,
,,,,False,
,,,,False,
,,,,False,
,,,,False,
,,,,False,
,,,,False,
,,,,False,
,,,,False,
,,,,False,
,,,,False,
,,,,False,
,,,,False,
,,,,False,
,,,,False,
,,,,False,
,,,,False,
,,,,False,
,,,,False,
,,,,False,
,,,,False,
,,,,False,
,,,,False,
,,,,False,
,,,,False,
,,,,False,
,,,,False,
,,,,False,
,,,,False,
,,,,False,
,,,,False,
,,,,False,
,,,,False,
,,,,False,
,,,,False,
,,,,False,
,,,,False,
,,,,False,
,,,,False,
,,,,False,
,,,,False,
,,,,False,
,,,,False,
,,,,False,
,,,,False,
,,,,False,
,,,,False,
,,,,False,
,,,,False,
,,,,False,
,,,,False,
,,,,False,
,,,,False,
,,,,False,
,,,,False,
,,,,False,
,,,,False,
,,,,False,
,,,,False,
,,,,False,
,,,,False,
,,,,False,
,,,,False,
,,,,False,
,,,,False,
,,,,False,
,,,,False,
,,,,False,
,,,,False,
,,,,False,
,,,,False,
,,,,False,
,,,,False,
,,,,False,
,,,,False,
,,,,False,
,,,,False,
,,,,False,
,,,,False,
,,,,False,
,,,,False,
,,,,False,
,,,,False,
,,,,False,
,,,,False,
,,,,False,
,,,,False,
,,,,False,
,,,,False,
,,,,False,
,,,,False,
,,,,False,
,,,,False,
,,,,False,
,,,,False,
,,,,False,
,,,,False,
,,,,False,
,,,,False,
,,,,False,
,,,,False,
,,,,False,
,,,,False,
,,,,False,
,,,,False,
,,,,False,
,,,,False,
,,,,False,
,,,,False,
,,,,False,
,,,,False,
,,,,False,
,,,,False,
,,,,False,
,,,,False,
,,,,False,
,,,,False,
,,,,False,
,,,,False,
,,,,False,
,,,,False,
,,,,False,
,,,,False,
,,,,False,
,,,,False,
,,,,False,
,,,,False,
,,,,False,
,,,,False,
,,,,False,
,,,,False,
,,,,False,
,,,,False,
,,,,False,
,,,,False,
,,,,False,
,,,,False,
,,,,False,
,,,,False,
,,,,False,
,,,,False,
,,,,False,
,,,,False,
,,,,False,
,,,,False,
,,,,False,
,,,,False,
,,,,False,
,,,,False,
,,,,False,
,,,,False,
,,,,False,
,,,,False,
,,,,False,
,,,,False,
,,,,False,
,,,,False,
,,,,False,
,,,,False,
,,,,False,
,,,,False,
,,,,False,
,,,,False,
,,,,False,
,,,,False,
,,,,False,
,,,,False,
,,,,False,
,,,,False,
,,,,False,
,,,,False,
,,,,False,
,,,,False,
,,,,False,
,,,,False,
,,,,False,
,,,,False,
,,,,False,
,,,,False,
,,,,False,
,,,,False,
,,,,False,
,,,,False,
,,,,False,
,,,,False,
,,,,False,
,,,,False,
,,,,False,
,,,,False,
,,,,False,
,,,,False,
,,,,False,
,,,,False,
,,,,False,
,,,,False,
,,,,False,
,,,,False,
,,,,False,
,,,,False,
,,,,False,
,,,,False,
,,,,False,
,,,,False,
,,,,False,
,,,,False,
,,,,False,
,,,,False,
,,,,False,
,,,,False,
,,,,False,
,,,,False,
,,,,False,
,,,,False,
,,,,False,
,,,,False,
,,,,False,
,,,,False,
,,,,False,
,,,,False,
,,,,False,
,,,,False,
,,,,False,
,,,,False,
,,,,False,
,,,,False,
,,,,False,
,,,,False,
,,,,False,
,,,,False,
,,,,False,
,,,,False,
,,,,False,
,,,,False,
,,,,False,
,,,,False,
,,,,False,
,,,,False,
,,,,False,
,,,,False,
,,,,False,
,,,,False,
,,,,False,
,,,,False,
,,,,False,
,,,,False,
,,,,False,
,,,,False,
,,,,False,
,,,,False,
,,,,False,
,,,,False,
,,,,False,
,,,,False,
,,,,False,
,,,,False,
,,,,False,
,,,,False,
,,,,False,
,,,,False,
,,,,False,
,,,,False,
,,,,False,
,,,,False,
,,,,False,
,,,,False,
,,,,False,
,,,,False,
,,,,False,
,,,,False,
,,,,False,
,,,,False,
,,,,False,
,,,,False,
,,,,False,
,,,,False,
,,,,False,
,,,,False,
,,,,False,
,,,,False,
,,,,False,
,,,,False,
,,,,False,
,,,,False,
,,,,False,
,,,,False,
,,,,False,
,,,,False,
,,,,False,
,,,,False,
,,,,False,
,,,,False,
,,,,False,
,,,,False,
,,,,False,
,,,,False,
,,,,False,
,,,,False,
,,,,False,
,,,,False,
,,,,False,
,,,,False,
,,,,False,
,,,,False,
,,,,False,
,,,,False,
,,,,False,
,,,,False,
,,,,False,
,,,,False,
,,,,False,
,,,,False,
,,,,False,
,,,,False,
,,,,False,
,,,,False,
,,,,False,
,,,,False,
,,,,False,
,,,,False,
,,,,False,
,,,,False,
,,,,False,
,,,,False,
,,,,False,
,,,,False,
,,,,False,
,,,,False,
,,,,False,
,,,,False,
,,,,False,
,,,,False,
,,,,False,
,,,,False,
,,,,False,
,,,,False,
,,,,False,
,,,,False,
,,,,False,
,,,,False,
,,,,False,
,,,,False,
,,,,False,
,,,,False,
,,,,False,
,,,,False,
,,,,False,
,,,,False,
,,,,False,
,,,,False,
,,,,False,
,,,,False,
,,,,False,
,,,,False,
,,,,False,
,,,,False,
,,,,False,
,,,,False,
,,,,False,
,,,,False,
,,,,False,
,,,,False,
,,,,False,
,,,,False,
,,,,False,
,,,,False,
,,,,False,
,,,,False,
,,,,False,
,,,,False,
,,,,False,
,,,,False,
,,,,False,
,,,,False,
,,,,False,
,,,,False,
,,,,False,
,,,,False,
,,,,False,
,,,,False,
,,,,False,
,,,,False,
,,,,False,
,,,,False,
,,,,False,
,,,,False,
,,,,False,
,,,,False,
,,,,False,
,,,,False,
,,,,False,
,,,,False,
,,,,False,
,,,,False,
,,,,False,
,,,,False,
,,,,False,
,,,,False,
,,,,False,
,,,,False,
,,,,False,
,,,,False,
,,,,False,
,,,,False,
,,,,False,
,,,,False,
,,,,False,
,,,,False,
,,,,False,
,,,,False,
,,,,False,
,,,,False,
,,,,False,
,,,,False,
,,,,False,
,,,,False,
,,,,False,
,,,,False,
,,,,False,
,,,,False,
,,,,False,
,,,,False,
,,,,False,
,,,,False,
,,,,False,
,,,,False,
,,,,False,
,,,,False,
,,,,False,
,,,,False,
,,,,False,
,,,,False,
,,,,False,
,,,,False,
,,,,False,
,,,,False,
,,,,False,
,,,,False,
,,,,False,
,,,,False,
,,,,False,
,,,,False,
,,,,False,
,,,,False,
,,,,False,
,,,,False,
,,,,False,
,,,,False,
,,,,False,
,,,,False,
,,,,False,
,,,,False,
,,,,False,
,,,,False,
,,,,False,
,,,,False,
,,,,False,
,,,,False,
,,,,False,
,,,,False,
,,,,False,
,,,,False,
,,,,False,
,,,,False,
,,,,False,
,,,,False,
,,,,False,
,,,,False,
,,,,False,
,,,,False,
,,,,False,
,,,,False,
,,,,False,
,,,,False,
,,,,False,
,,,,False,
,,,,False,
,,,,False,
,,,,False,
,,,,False,
,,,,False,
,,,,False,
